Product Name,New Price,Old Price,Discount (%),Brand,Items Left,Rating,Time Left,URL
"MATIHO   Electric hair clippers, bald head shaver, razor, hairdressing electric trimmer, oil head carving, edging electric hair shears",KSh 302,KSh 460,34%,MATIHO,N/a,3.7 out of 5,N/A,https://www.jumia.co.ke/matiho-electric-hair-clippers-bald-head-shaver-razor-hairdressing-electric-trimmer-oil-head-carving-edging-electric-hair-shears-253894863.html
"Kuhl KUHL K1 20,000mAh Power Bank – High-Capacity Portable Charger for Phones & USB Devices",KSh 690,"KSh 1,340",49%,Kuhl,N/a,3.7 out of 5,N/A,https://www.jumia.co.ke/kuhl-kuhl-k1-20000mah-power-bank-high-capacity-portable-charger-for-phones-usb-devices-326556329.html
BLWOENS Men's Formal Shoes Tuxedo Dress Shoes Classic Oxfords Faux Patent Leather Shoe Lace-up Dress Shoes for Business Wedding Suit - Black,KSh 799,"KSh 2,025",61%,BLWOENS,N/a,3.7 out of 5,N/A,https://www.jumia.co.ke/blwoens-mens-formal-shoes-tuxedo-dress-shoes-classic-oxfords-faux-patent-leather-shoe-lace-up-dress-shoes-for-business-wedding-suit-black-269541532.html
GUEETON 128GB Metal OTG Usb Flash Drive Waterproof 3D Embossment,KSh 632,KSh 936,32%,GUEETON,N/a,3.5 out of 5,N/A,https://www.jumia.co.ke/gueeton-128gb-metal-otg-usb-flash-drive-waterproof-3d-embossment-91921997.html
"Kuhl KUHL K2 20,000mAh Power Bank – High-Capacity Portable Charger for Phones & USB Devices","KSh 2,025","KSh 2,700",25%,Kuhl,N/a,4 out of 5,N/A,https://www.jumia.co.ke/kuhl-kuhl-k2-20000mah-power-bank-high-capacity-portable-charger-for-phones-usb-devices-326556308.html
FUXING FASHION Shoes For Women Breathable And Non Slip Sneakers Ladies Shoes Sneakers,KSh 392,KSh 859,54%,FUXING FASHION,N/a,3.5 out of 5,N/A,https://www.jumia.co.ke/fuxing-fashion-shoes-for-women-breathable-and-non-slip-sneakers-ladies-shoes-sneakers-58975592.html
G03 Neckband Wireless Bluetooth In-Ear Sports Earphone Headset,KSh 299,KSh 587,49%,Easy and safer payments via the JumiaPay App.,N/a,3.6 out of 5,N/A,https://www.jumia.co.ke/generic-g03-neckband-wireless-bluetooth-in-ear-sports-earphone-headset-169371598.html
EAGEAT Pen Flash Drive 3.0 128GB - Metal OTG Micro USB Type-C,KSh 599,KSh 806,26%,EAGEAT,N/a,3.4 out of 5,N/A,https://www.jumia.co.ke/eageat-pen-flash-drive-3.0-128gb-metal-otg-micro-usb-type-c-299556625.html
Genera 2 Pieces Motorcycle Riding Full Face Mask Balaclava with Detachable Goggles for Dust Protection,KSh 644,KSh 967,33%,Genera,N/a,3.9 out of 5,N/A,https://www.jumia.co.ke/genera-2-pieces-motorcycle-riding-full-face-mask-balaclava-with-detachable-goggles-for-dust-protection-309821477.html
GUEETON GUEETON Wireless Earphones Bluetooth 5.3 Finger Touch Headset HIFI Slide Cover,KSh 386,"KSh 1,560",75%,GUEETON,N/a,3.4 out of 5,N/A,https://www.jumia.co.ke/gueeton-gueeton-wireless-earphones-bluetooth-5.3-finger-touch-headset-hifi-slide-cover-56804919.html
GUEETON 128GB usb Flash Drive metal hook with 3 in 1 OTG adapter usb cable,KSh 655,"KSh 1,215",46%,GUEETON,N/a,3.7 out of 5,N/A,https://www.jumia.co.ke/gueeton-128gb-usb-flash-drive-metal-hook-with-3-in-1-otg-adapter-usb-cable-319451716.html
GUEETON Fast Charge Powers Bank 20000mAh with waterproof storage bag,KSh 840,"KSh 2,010",58%,GUEETON,N/a,3.7 out of 5,N/A,https://www.jumia.co.ke/fast-charge-powers-bank-20000mah-gueeton-mpg8920854.html
EAGEAT Wireless Earpods Bluetooth 5.0 Earphones,KSh 359,"KSh 1,608",78%,EAGEAT,N/a,3.5 out of 5,N/A,https://www.jumia.co.ke/eageat-wireless-earpods-bluetooth-5.0-earphones-325726366.html
GtyGo 128 GB OTG Usb Flash Drive USB3.0  Adapter Type C 3 Units In 1 Set,KSh 623,"KSh 2,010",69%,GtyGo,N/a,3.3 out of 5,N/A,https://www.jumia.co.ke/gtygo-128-gb-otg-usb-flash-drive-usb3.0-adapter-type-c-3-units-in-1-set-321942160.html
GUEETON Stereo F9 Bluetooth Earphone  Power Headset,KSh 386,KSh 696,45%,GUEETON,N/a,3.6 out of 5,N/A,https://www.jumia.co.ke/gueeton-stereo-f9-bluetooth-earphone-power-headset-35221857.html
"Itel A06 6.6"" HD+, 64GB, 2GB RAM, 4000mAh - Black","KSh 8,335","KSh 9,000",7%,Itel,38 items left,3.5 out of 5,05d : 06h : 40m,https://www.jumia.co.ke/itel-a06-6.6-hd-64gb-2gb-ram-4000mah-black-326260375.html
"Samsung Galaxy A06, 6.7"", 4GB RAM+ 64GB (Dual SIM), 5000mAh, Black (1YR WRTY)","KSh 11,000","KSh 14,322",23%,Samsung,20 items left,4.2 out of 5,06h : 40m : 03s,https://www.jumia.co.ke/samsung-galaxy-a06-6.7-4gb-ram-64gb-dual-sim-5000mah-black-1yr-wrty-299889399.html
Hisense H20MOMS11 - 20 Liters Microwave - White (2YRs WRTY),"KSh 7,390","KSh 12,399",40%,Hisense,20 items left,4.3 out of 5,05d : 06h : 39m,https://www.jumia.co.ke/hisense-h20moms11-20-liters-microwave-white-2yrs-wrty-315502918.html
"Infinix Hot 60i 4G, 6.7"", 8GB RAM + 256GB, 5160mAh (Dual SIM), Black  (1YR WRTY)","KSh 17,540","KSh 18,000",3%,Infinix,19 items left,4.1 out of 5,06h : 39m : 49s,https://www.jumia.co.ke/infinix-hot-60i-4g-6.7-8gb-ram-256gb-5160mah-dual-sim-black-1yr-wrty-325238715.html
"Vitron HTC3288QS, 32 inch QLED Smart Android TV, QLED Smart TV, Android TV, Q LED - Black (1YR WRTY)","KSh 10,999","KSh 18,999",42%,Vitron,22 items left,4 out of 5,05d : 06h : 39m,https://www.jumia.co.ke/htc3288qs-32-inch-qled-smart-android-tv-black1yr-wrty-vitron-mpg9595721.html
"Redmi 15C By Xiaomi, 6.9"", 4GB RAM + 128GB (Dual SIM), 6000mAh, Black (25 Months Warranty)","KSh 13,290","KSh 15,000",11%,Redmi,24 items left,4.2 out of 5,05d : 06h : 39m,https://www.jumia.co.ke/redmi-15c-byxiaomi-6.9-4gb-ram-128gb-dual-sim-6000mah-black-25-months-warranty-325490535.html
"Vitron HTC4300QFS 43 Smart Android TV, 43 inch QLED TV, Full HD Frameless Smart TV, Bluetooth Q LED FHD TV - Black (1YR WRTY)","KSh 17,999","KSh 25,999",31%,Vitron,19 items left,4 out of 5,05d : 06h : 39m,https://www.jumia.co.ke/htc4300qfs-43inch-qled-tv-bluetooth-enabled-full-hd-frameless-smart1yr-wrty-vitron-mpg9595722.html
"Tecno Spark 40 Pro, 6.78'', 128GB + 8GB RAM (+8GB Extended), (Dual Sim), 5200mAh - Ink Black (1YR WRTY)","KSh 18,599","KSh 19,000",2%,Tecno,20 items left,4.6 out of 5,06h : 39m : 21s,https://www.jumia.co.ke/tecno-spark-40-pro-6.78-128gb-8gb-ram-8gb-extended-dual-sim-5200mah-ink-black-1yr-wrty-326843468.html
Vision Plus 10KG Twin Tub Top Load Washing Machine - White & Blue (2YRS WRTY),"KSh 25,000","KSh 26,055",4%,Vision Plus,6 items left,4.3 out of 5,05d : 06h : 39m,https://www.jumia.co.ke/vision-plus-10kg-twin-tub-top-load-washing-machine-white-blue-2yrs-wrty-288222805.html
Hisense REF094DR Fridge 94 Liters Single Door 94 L Fridge 94ltr Refrigerator 94L Fridge - Silver (2YRs WRTY).,"KSh 15,570","KSh 25,399",39%,Hisense,35 items left,4.3 out of 5,05d : 06h : 39m,https://www.jumia.co.ke/hisense-ref094dr-fridge-94-liters-single-door-94-l-fridge-94ltr-refrigerator-94l-fridge-silver-2yrs-wrty.-283761286.html
"Infinix Smart 20, 6.78"", 128GB +4GB RAM, 5200mAh (Dual SIM) - Sunlike Orange (1YR WRTY)","KSh 13,550","KSh 15,000",10%,Infinix,13 items left,0 out of 5,06h : 39m : 00s,https://www.jumia.co.ke/infinix-smart-20-6.78-128gb-4gb-ram-5200mah-dual-sim-sunlike-orange-1yr-wrty-327407334.html
"Vision Plus VP8843SW 43"" Frameless FHD Smart TV – Netflix/YouTube/500+ Apps, Inbuilt Decoder DVB-T2/S2, Bluetooth, Dolby Audio + Free Wall Mount (2YRS WRTY)","KSh 19,500","KSh 24,000",19%,Vision Plus,10 items left,3.9 out of 5,05d : 06h : 38m,https://www.jumia.co.ke/vision-plus-vp8843sw-43-frameless-fhd-smart-tv-netflixyoutube500-apps-inbuilt-decoder-dvb-t2s2-bluetooth-dolby-audio-free-wall-mount-2yrs-wrty-325855319.html
"Vision Plus VP8850QV 50"" QLED 4K Smart TV – Netflix/YouTube/Prime Video, Inbuilt Decoder, Dolby Audio, Quantum Dot Display + Free Wall Mount (2YRS WRTY)","KSh 34,070","KSh 38,000",10%,Vision Plus,10 items left,3.8 out of 5,05d : 06h : 38m,https://www.jumia.co.ke/vision-plus-vp8850qv-50-qled-4k-smart-tv-netflixyoutubeprime-video-inbuilt-decoder-dolby-audio-quantum-dot-display-free-wall-mount-2yrs-wrty-325855457.html
"Tecno Camon 40 Pro 4G, 6.78 Inches 8GB RAM+256GB, 5200 Mah - Galaxy Black (2YRs WRTY)","KSh 33,999","KSh 35,000",3%,Tecno,20 items left,4 out of 5,06h : 38m : 39s,https://www.jumia.co.ke/tecno-camon-40-pro-4g-6.78-inches-8gb-ram256gb-5200-mah-galaxy-black-2yrs-wrty-326847385.html
"Vision Plus 3 Gas + 1 Electric Plate 50X50 Standing Cooker with Gas Oven, Black- (2 YRs WRTY)","KSh 18,499","KSh 39,995",54%,Vision Plus,10 items left,4 out of 5,05d : 06h : 38m,https://www.jumia.co.ke/vision-plus-3-gas-1-electric-plate-50x50-standing-cooker-with-gas-oven-black-2-yrs-wrty-325934815.html
Vision Plus 138L Double Door Refrigerator CFC Free with Fast Cooling,"KSh 26,710","KSh 29,000",8%,Vision Plus,10 items left,0 out of 5,05d : 06h : 38m,https://www.jumia.co.ke/vision-plus-138l-double-door-refrigerator-cfc-free-with-fast-cooling-327162695.html
Vision Plus 8KG Slim Fully Automatic Front Load Washing Machine,"KSh 38,640","KSh 45,000",14%,Vision Plus,10 items left,0 out of 5,05d : 06h : 38m,https://www.jumia.co.ke/vision-plus-8kg-slim-fully-automatic-front-load-washing-machine-325775237.html
DR.DESS Papaya Brightening Face Toner 120ml  minimizes pores Brightens and reduce dark spots,KSh 559,KSh 999,44%,DR.DESS,10 items left,0 out of 5,05d : 06h : 38m,https://www.jumia.co.ke/dr.dess-papaya-brightening-face-toner-120ml-minimizes-pores-brightens-and-reduce-dark-spots-327334140.html
"DR.DESS 2PCS Papaya Face Serum and Papaya Moisturizing Face cream Protects against Acne, Dark Spots, Freckles Reduces Skin Pigmentation and Anti Aging",KSh 699,"KSh 1,000",30%,DR.DESS,17 items left,0 out of 5,05d : 06h : 38m,https://www.jumia.co.ke/dr.dess-2pcs-papaya-face-serum-and-papaya-moisturizing-face-cream-protects-against-acne-dark-spots-freckles-reduces-skin-pigmentation-and-anti-aging-327514356.html
DR.DESS Ginger Oil Strengthening Hair Serum Anti Hair Fall Hair Growth Nourishing Repair Damaged Roots Hydrating Softens Hair Reduces Breakage Revitalizes Restores Shine Protects Hair Daily Use,KSh 399,KSh 800,50%,DR.DESS,8 items left,0 out of 5,05d : 06h : 37m,https://www.jumia.co.ke/dr.dess-ginger-oil-strengthening-hair-serum-anti-hair-fall-hair-growth-nourishing-repair-damaged-roots-hydrating-softens-hair-reduces-breakage-revitalizes-restores-shine-protects-hair-daily-use-327184430.html
"DR.DESS 2Pcs Collagen Face Serum and Face Cream hydrating firming boost skin elasticity, reduce the appearance of fine lines, and promote a youthful, radiant complexion",KSh 699,"KSh 1,000",30%,DR.DESS,10 items left,0 out of 5,05d : 06h : 37m,https://www.jumia.co.ke/dr.dess-2pcs-collagen-face-serum-and-face-cream-hydrating-firming-boost-skin-elasticity-reduce-the-appearance-of-fine-lines-and-promote-a-youthful-radiant-complexion-327513743.html
2 Pcs 1 Sided Belt - Black And Dark Chocolate,KSh 499,KSh 999,50%,Easy and safer payments via the JumiaPay App.,15 items left,3.8 out of 5,06h : 37m : 44s,https://www.jumia.co.ke/fashion-2-pcs-1-sided-belt-black-and-dark-chocolate-312758940.html
4PCs Washable Waterproof Nylon Urine Baby Pants,KSh 238,KSh 333,29%,Easy and safer payments via the JumiaPay App.,135 items left,3.2 out of 5,06h : 37m : 36s,https://www.jumia.co.ke/fashion-4pcs-washable-waterproof-nylon-urine-baby-pants-45349426.html
EAGEAT 3-in-1 Bluetooth Selfie Stick Tripod with Fill Light & Wireless Remote,KSh 394,"KSh 1,608",76%,EAGEAT,181 items left,5 out of 5,06h : 37m : 29s,https://www.jumia.co.ke/eageat-3-in-1-bluetooth-selfie-stick-tripod-with-fill-light-wireless-remote-325944250.html
"Music Pioneer T500 Smartwatch Bluetooth Watch Touch Screen Sports,Fitness",KSh 429,"KSh 1,101",61%,Music Pioneer,127 items left,3.2 out of 5,06h : 37m : 23s,https://www.jumia.co.ke/music-pioneer-t500-smartwatch-bluetooth-watch-touch-screen-sportsfitness-301683675.html
OIPETLUCK Black Smart Light-emitting Ear Cleaner Earwax Remover Camera Earwax Removal Tool Camera Ear Pick Ear Cleaning,KSh 759,"KSh 1,334",43%,OIPETLUCK,21 items left,5 out of 5,06h : 37m : 16s,https://www.jumia.co.ke/oipetluck-black-smart-light-emitting-ear-cleaner-earwax-remover-camera-earwax-removal-tool-camera-ear-pick-ear-cleaning-314508890.html
"6Pcs Cotton Men's Vest Underwear Assorted White,black,grey",KSh 899 - KSh 999,"KSh 2,500",64%,Easy and safer payments via the JumiaPay App.,10 items left,3 out of 5,06h : 37m : 10s,https://www.jumia.co.ke/fashion-6pcs-cotton-mens-vest-underwear-assorted-whiteblackgrey-13324510.html
1 sided belt - Brown,KSh 299,KSh 499,40%,Easy and safer payments via the JumiaPay App.,1 item left,3.5 out of 5,06h : 37m : 03s,https://www.jumia.co.ke/fashion-1-sided-belt-brown-307675417.html
Closeup Mouth Wash- Nature Boost 300ml,KSh 540,KSh 595,9%,Closeup,13 items left,5 out of 5,06h : 36m : 56s,https://www.jumia.co.ke/closeup-mouth-wash-nature-boost-300ml-326521600.html
3PCS Classy Men's Plain Color Bow Ties,KSh 385,KSh 499,23%,Easy and safer payments via the JumiaPay App.,2 items left,3.8 out of 5,06h : 36m : 49s,https://www.jumia.co.ke/fashion-3pcs-classy-mens-plain-color-bow-ties-94026362.html
6Pcs Soft Cotton Checked Big Size Men's Boxers –for Trauser Size 34-45,KSh 699,KSh 899,22%,Easy and safer payments via the JumiaPay App.,6 items left,4 out of 5,06h : 36m : 41s,https://www.jumia.co.ke/fashion-6pcs-soft-cotton-checked-big-size-mens-boxers-for-trauser-size-34-45-95933538.html
3PACK Official Mens Longsleeve Shirt Slim Fit+FREE Neck Tie,"KSh 1,741 - KSh 2,499","KSh 2,499",30%,Easy and safer payments via the JumiaPay App.,193 items left,3.8 out of 5,06h : 36m : 34s,https://www.jumia.co.ke/fashion-3pack-official-mens-longsleeve-shirt-slim-fitfree-neck-tie-320966892.html
TMF 4pcs/Set Men Underwear Breathable Boxer Briefs -Multicolors,KSh 689,"KSh 6,885",90%,Easy and safer payments via the JumiaPay App.,51 items left,3.3 out of 5,06h : 36m : 27s,https://www.jumia.co.ke/fashion-tmf-4pcsset-men-underwear-breathable-boxer-briefs-multicolors-326450926.html
DR.DESS Dry Skin Hair Removal Cream Men and Women Fast Shaving Hair Removal Cream Painless Hair Removing Effective Hair Removal Cream For Face Armpit Leg Intimate Parts,KSh 399,KSh 600,34%,DR.DESS,4 items left,4 out of 5,05d : 06h : 36m,https://www.jumia.co.ke/dr.dess-dry-skin-hair-removal-cream-men-and-women-fast-shaving-hair-removal-cream-painless-hair-removing-effective-hair-removal-cream-for-face-armpit-leg-intimate-parts-327212475.html
6 pairs high quality unisex invisible no show non- slip liner socks,KSh 389,KSh 450,14%,Easy and safer payments via the JumiaPay App.,944 items left,4.4 out of 5,06h : 36m : 13s,https://www.jumia.co.ke/fashion-6-pairs-high-quality-unisex-invisible-no-show-non-slip-liner-socks-303276285.html
EAGEAT Bluetooth Wireless earphone Headsets with Anti-chute earhook HIFI Air PRO5 Earbuds,KSh 296,"KSh 1,608",82%,EAGEAT,244 items left,4 out of 5,06h : 36m : 00s,https://www.jumia.co.ke/eageat-bluetooth-wireless-earphone-headsets-with-anti-chute-earhook-hifi-air-pro5-earbuds-325969428.html
Denim Slim Fit Mens Jeans-Ashy Wash Grey,"KSh 1,197 - KSh 1,699","KSh 1,499 - KSh 1,699",24%,Easy and safer payments via the JumiaPay App.,13 items left,3.7 out of 5,06h : 35m : 53s,https://www.jumia.co.ke/fashion-denim-slim-fit-mens-jeans-ashy-wash-grey-320968644.html
DR.DESS Sensitive Skin Hair Removal Cream Men and Women Fast Shaving Hair Removal Cream Painless Hair Removing Effective Hair Removal Cream For Face Armpit Leg Intimate Parts,KSh 399,KSh 600,34%,DR.DESS,15 items left,3.7 out of 5,05d : 06h : 35m,https://www.jumia.co.ke/dr.dess-sensitive-skin-hair-removal-cream-men-and-women-fast-shaving-hair-removal-cream-painless-hair-removing-effective-hair-removal-cream-for-face-armpit-leg-intimate-parts-327212424.html
"Garnier Skin Active Micellar Cleansing Water 3 In 1 For Sensitive Skin Cleanses, Soothes And Removes Make Up - 100ml",KSh 236,KSh 310,24%,Garnier,49 items left,4.4 out of 5,06h : 35m : 38s,https://www.jumia.co.ke/garnier-skin-active-micellar-cleansing-water-3-in-1-for-sensitive-skin-cleanses-soothes-and-removes-make-up-100ml-5832543.html
NIVEA Blackberry Shine Lip Balm For Women - 4.8g (Pack Of 2).,KSh 710,KSh 790,10%,NIVEA,36 items left,4.5 out of 5,06h : 35m : 30s,https://www.jumia.co.ke/nivea-blackberry-shine-lip-balm-for-women-4.8g-pack-of-2.-326706919.html
"Modio M92 5G Android Tablet, 11"" Inches Display, 16GB RAM + 1TB, Dual SIM, 10000mAh With Keyboard & Stylus Pen  - black","KSh 11,450","KSh 19,999",43%,Modio,50 items left,3.9 out of 5,06h : 35m : 23s,https://www.jumia.co.ke/modio-m92-5g-android-tablet-11-inches-display-16gb-ram-1tb-dual-sim-10000mah-with-keyboard-stylus-pen-black-326398995.html
5 Pairs Men's Long Socks Combination Cotton  Socks Suitable For Autumn Wear Fabric Comfort And Skin,KSh 329,KSh 800,59%,Easy and safer payments via the JumiaPay App.,38 items left,4.1 out of 5,06h : 35m : 16s,https://www.jumia.co.ke/fashion-5-pairs-mens-long-socks-combination-cotton-socks-suitable-for-autumn-wear-fabric-comfort-and-skin-291266433.html
"3 Pieces Of Adjustable Baseball Cap - Jungle Green, Maroon &Beige+free Gift",KSh 599,KSh 799,25%,Easy and safer payments via the JumiaPay App.,58 items left,3.9 out of 5,06h : 35m : 09s,https://www.jumia.co.ke/fashion-3-pieces-of-adjustable-baseball-cap-jungle-green-maroon-beigefree-gift-308855126.html
"Samsung Galaxy A26 5G, 6.7'' 8GB RAM + 256GB ROM, 50MP, Dual Sim-Black+Free Gifts","KSh 30,599","KSh 49,999",39%,Samsung,999 items left,0 out of 5,06h : 35m : 02s,https://www.jumia.co.ke/samsung-galaxy-a26-5g-6.7-8gb-ram-256gb-rom-50mp-dual-sim-blackfree-gifts-326141036.html
"addigoes 4-in-1 Knife Sharpener: 3-Stage for Kitchen Knives & 1-Stage for Scissors with Tungsten Carbide, Ceramic Stone, and Diamond Rods",KSh 280,"KSh 1,327",79%,addigoes,19 items left,3.3 out of 5,06h : 34m : 54s,https://www.jumia.co.ke/addigoes-4-in-1-knife-sharpener-3-stage-for-kitchen-knives-1-stage-for-scissors-with-tungsten-carbide-ceramic-stone-and-diamond-rods-325522297.html
Men Official Trousers Office Wear Men Pants,KSh 887 - KSh 999,"KSh 999 - KSh 1,099",19%,Easy and safer payments via the JumiaPay App.,94 items left,3 out of 5,06h : 34m : 48s,https://www.jumia.co.ke/fashion-men-official-trousers-office-wear-men-pants-277742938.html
6Pcs Soft Cotton Multicolor Briefs Men's Boxers –for Trauser Size 32-44,KSh 699,KSh 847,17%,Easy and safer payments via the JumiaPay App.,70 items left,3.9 out of 5,06h : 34m : 42s,https://www.jumia.co.ke/fashion-6pcs-soft-cotton-multicolor-briefs-mens-boxers-for-trauser-size-32-44-123210258.html
6 pcs high quality light cotton teenage boys boxers,KSh 549,KSh 606,9%,Easy and safer payments via the JumiaPay App.,978 items left,3.8 out of 5,06h : 34m : 36s,https://www.jumia.co.ke/fashion-6-pcs-high-quality-light-cotton-teenage-boys-boxers-285267852.html
"Samsung Galaxy A07, 6.7'' Display, 4GB RAM + 128GB ROM (Dual Sim) 50MP Camera, 5000mAh - Black","KSh 13,899","KSh 19,999",31%,Samsung,91 items left,5 out of 5,06h : 34m : 29s,https://www.jumia.co.ke/samsung-galaxy-a07-6.7-display-4gb-ram-128gb-rom-dual-sim-50mp-camera-5000mah-black-325438979.html
"sm baby Cute Water-Repellent, Easy To Clean High Quality Kids School Bag","KSh 1,099","KSh 1,500",27%,sm baby,5 items left,4.1 out of 5,06h : 34m : 23s,https://www.jumia.co.ke/sm-baby-cute-water-repellent-easy-to-clean-high-quality-kids-school-bag-178111276.html
EAGEAT T900 Pro Max 49mm Smart Watch,KSh 593,"KSh 1,608",63%,EAGEAT,137 items left,3.9 out of 5,06h : 34m : 16s,https://www.jumia.co.ke/eageat-t900-pro-max-49mm-smart-watch-325716704.html
"Samsung A06, 6.7'' Display, 4GB RAM + 128GB ROM (Dual Sim) 50MP Camera, 5000mAh - Light Blue+Smartwatch+powerbank+Earpods","KSh 14,499","KSh 19,999",28%,Samsung,98 items left,4 out of 5,06h : 34m : 10s,https://www.jumia.co.ke/samsung-a06-6.7-display-4gb-ram-128gb-rom-dual-sim-50mp-camera-5000mah-light-bluesmartwatchpowerbankearpods-316564552.html
3D Fashion Official Trouser Pant -Black-Slim Fit Office Wear Men,KSh 897 - KSh 999,"KSh 1,191 - KSh 1,300",31%,3D Fashion,1060 items left,3.7 out of 5,06h : 34m : 04s,https://www.jumia.co.ke/3d-fashion-official-trouser-pant-black-slim-fit-office-wear-men-175768677.html
"Safaricom Neon Smarta 2, IPS LCD DISPLAY, 5"", 32GB ROM + 2GB RAM (Dual SIM), 3300mAh Battery - BLACK","KSh 2,580","KSh 5,999",57%,Safaricom,962 items left,3.6 out of 5,06h : 33m : 57s,https://www.jumia.co.ke/safaricom-neon-smarta-2-ips-lcd-display-5-32gb-rom-2gb-ram-dual-sim-3300mah-battery-black-326283142.html
Bohemian Creative Jewelry - Exquisite Crystal Butterfly Multi-Layered Beaded Bracelet for Women,KSh 397,KSh 729,46%,Easy and safer payments via the JumiaPay App.,11 items left,0 out of 5,06h : 33m : 50s,https://www.jumia.co.ke/fashion-bohemian-creative-jewelry-exquisite-crystal-butterfly-multi-layered-beaded-bracelet-for-women-326457495.html
Black Arafat Unisex Head Wrap/ Scarf/shawl - Arab Keffiyeh Shemagh Desret Palestine Unisex Traditional Middle Eastern Saudi Arabia Costume Palestinian Headscarf Veil Tassel,KSh 899,"KSh 2,499",64%,Easy and safer payments via the JumiaPay App.,2 items left,5 out of 5,06h : 33m : 44s,https://www.jumia.co.ke/fashion-black-arafat-unisex-head-wrap-scarfshawl-arab-keffiyeh-shemagh-desret-palestine-unisex-traditional-middle-eastern-saudi-arabia-costume-palestinian-headscarf-veil-tassel-307245853.html
"NIVEA Derma Control Natural Tone Anti-Perspirant Roll-on For Women, 72h – 50ml",KSh 520,N/A,N/A,NIVEA,23 items left,5 out of 5,06h : 33m : 37s,https://www.jumia.co.ke/nivea-derma-control-natural-tone-anti-perspirant-roll-on-for-women-72h-50ml-327060739.html
Hot High quality New Tank Tops Cotton Clothes Round Collar Sleeveless Shirts Leisure Fitness Mens Loose Workout Tank Tops,KSh 266,"KSh 2,660",90%,Easy and safer payments via the JumiaPay App.,633 items left,4 out of 5,06h : 33m : 29s,https://www.jumia.co.ke/fashion-hot-high-quality-new-tank-tops-cotton-clothes-round-collar-sleeveless-shirts-leisure-fitness-mens-loose-workout-tank-tops-326256648.html
STY 3 In 1 Necklace Alloy Necklace Silver Pendant Necklace Simple Titanium Steel Necklace,KSh 251,KSh 405,38%,STY,64 items left,5 out of 5,06h : 33m : 22s,https://www.jumia.co.ke/sty-3-in-1-necklace-alloy-necklace-silver-pendant-necklace-simple-titanium-steel-necklace-323785414.html
3D Fashion Finest MEN DENIM SLIM FIT NON FADE JEANS-BLUE,"KSh 999 - KSh 1,299","KSh 1,299 - KSh 1,499",23%,3D Fashion,155 items left,4 out of 5,06h : 33m : 16s,https://www.jumia.co.ke/3d-fashion-finest-men-denim-slim-fit-non-fade-jeans-blue-268788788.html
SWEET MEMORY Pearl Hairpins Clip Hair Accessories -5pcs/set,KSh 229,KSh 500,54%,SWEET MEMORY,30 items left,4.4 out of 5,06h : 33m : 08s,https://www.jumia.co.ke/sweet-memory-pearl-hairpins-clip-hair-accessories-5pcsset-31900172.html
"STY 15.6"" Notebook Computer Bag Men Business Backpack Rucksacks - Grey",KSh 976,"KSh 1,350",28%,STY,90 items left,3.5 out of 5,06h : 33m : 02s,https://www.jumia.co.ke/sty-15.6-notebook-computer-bag-men-business-backpack-rucksacks-grey-169982559.html
"Oale Camon 40 4G - 6.6"" 128GB ROM 8GB RAM 20MP 5750mAh MediaTek Processor Dual-SIM (With Earphones, Glass Protector, Cover) - Black","KSh 10,330","KSh 12,000",14%,Oale,33 items left,3.2 out of 5,05d : 06h : 32m,https://www.jumia.co.ke/oale-camon-40-4g-6.6-128gb-rom-8gb-ram-20mp-5750mah-mediatek-processor-dual-sim-with-earphones-glass-protector-cover-black-325698760.html
Women Messenger Bags Square Small Sling Shoulder Cute Mini Durable PU Handbag,KSh 420,KSh 800,48%,Easy and safer payments via the JumiaPay App.,7 items left,3.6 out of 5,06h : 32m : 47s,https://www.jumia.co.ke/fashion-women-messenger-bags-square-small-sling-shoulder-cute-mini-durable-pu-handbag-275556296.html?seller_product=1
"XIAOMI Redmi 12C, 6.71"", 4GB + 128GB, 50MP CAM, 5000mAh, Grey","KSh 12,599","KSh 28,699",56%,XIAOMI,88 items left,4.5 out of 5,06h : 32m : 40s,https://www.jumia.co.ke/redmi-12c-6.71-4gb-128gb-50mp-cam-5000mah-grey-xiaomi-mpg1933679.html
"3 Pack Men Khakis; Black, Chocolate And Navy Blue","KSh 2,399 - KSh 2,999","KSh 3,299 - KSh 4,000",40%,Easy and safer payments via the JumiaPay App.,12 items left,4.1 out of 5,06h : 32m : 34s,https://www.jumia.co.ke/3-pack-hard-men-khakis-black-chocolate-and-navy-blue-fashion-mpg591439.html
NIVEA MEN Deep Body Lotion For Men - 400ml.,KSh 515,KSh 670,23%,NIVEA MEN,22 items left,4.6 out of 5,06h : 32m : 27s,https://www.jumia.co.ke/nivea-men-deep-body-lotion-for-men-400ml.-326706894.html
Ladies Watched  Plastic Strap Watch Quartz Watches,KSh 239,KSh 450,47%,Easy and safer payments via the JumiaPay App.,39 items left,3.6 out of 5,06h : 32m : 20s,https://www.jumia.co.ke/fashion-ladies-watched-plastic-strap-watch-quartz-watches-264519283.html
NIVEA Creme Soft Shower Cream For Women - 500ml.,KSh 733,KSh 955,23%,NIVEA,24 items left,4.6 out of 5,06h : 32m : 12s,https://www.jumia.co.ke/nivea-creme-soft-shower-cream-for-women-500ml.-326706889.html
Tisa Nyota 3 In 1 Ladies Handbags Women Bags Sling Bag-Black,"KSh 1,150","KSh 2,000",43%,Tisa Nyota,10 items left,3.4 out of 5,06h : 32m : 06s,https://www.jumia.co.ke/tisa-nyota-3-in-1-ladies-handbags-women-bags-sling-bag-black-270965903.html?seller_product=1
ASHION Men's Casual Shoes Big Size 39-48,KSh 670,"KSh 1,474",55%,ASHION,23 items left,3.7 out of 5,06h : 31m : 59s,https://www.jumia.co.ke/ashion-mens-casual-shoes-big-size-39-48-315376970.html
"Maybelline Volume Express Colossal 48hr Waterproof Mascara, Volume Lock Mascara, Delivers 9x Times the Volume in Just one Coat, Flake Resistant,Very Black","KSh 1,080","KSh 1,350",20%,Maybelline,10 items left,4.4 out of 5,06h : 31m : 53s,https://www.jumia.co.ke/maybelline-volume-express-colossal-48hr-waterproof-mascara-volume-lock-mascara-delivers-9x-times-the-volume-in-just-one-coat-flake-resistantvery-black-44173503.html
STY Necklace Alloy Necklace Rotating Pendant Necklace Simple Style Titanium Steel Necklace Ring Necklace,KSh 251,KSh 405,38%,STY,87 items left,4.6 out of 5,06h : 31m : 46s,https://www.jumia.co.ke/sty-necklace-alloy-necklace-rotating-pendant-necklace-simple-style-titanium-steel-necklace-ring-necklace-325492847.html
"CYFAZA 2pcs Storage Boxes, Foldable Fabric Organizer Bins with Lids for Clothes, Closet, Home, Bedroom, and Office",KSh 619,KSh 838,26%,CYFAZA,81 items left,4.4 out of 5,06h : 31m : 39s,https://www.jumia.co.ke/cyfaza-2pcs-storage-boxes-foldable-fabric-organizer-bins-with-lids-for-clothes-closet-home-bedroom-and-office-313672000.html
S10 Ultra 2.2'' Full Touch Screen Smart Watch - For Android & IOS,KSh 799,"KSh 1,997",60%,Easy and safer payments via the JumiaPay App.,20 items left,4.2 out of 5,06h : 31m : 32s,https://www.jumia.co.ke/generic-s10-ultra-2.2-full-touch-screen-smart-watch-for-android-ios-325138256.html
1 Pc High Quality White Cotton Men Official Shirt- Slim Fit,"KSh 999 - KSh 1,050","KSh 1,100",9%,Easy and safer payments via the JumiaPay App.,994 items left,3.4 out of 5,06h : 31m : 20s,https://www.jumia.co.ke/fashion-1-pc-high-quality-white-cotton-men-official-shirt-slim-fit-274795084.html
Black Stripped Ladies Cotton Tights -free Size Fitting For 6-16,KSh 349,KSh 600,42%,Easy and safer payments via the JumiaPay App.,42 items left,0 out of 5,06h : 31m : 12s,https://www.jumia.co.ke/fashion-black-stripped-ladies-cotton-tights-free-size-fitting-for-6-16-311488710.html
"Samsung Galaxy A05, 6.7''  4GB RAM + 64GB ROM (Dual Sim) 50MP Camera, 5000mAh - Black","KSh 11,599","KSh 19,888",42%,Samsung,575 items left,4.3 out of 5,06h : 31m : 05s,https://www.jumia.co.ke/samsung-galaxy-a05-6.7-4gb-ram-64gb-rom-dual-sim-50mp-camera-5000mah-black-176887576.html
"NIVEA Derma Control Natural Tone Anti-Perspirant Roll-on For Women, 72h – 50ml (Pack of 2 )","KSh 1,040",N/A,N/A,NIVEA,12 items left,5 out of 5,06h : 30m : 57s,https://www.jumia.co.ke/nivea-derma-control-natural-tone-anti-perspirant-roll-on-for-women-72h-50ml-pack-of-2-327060740.html
"Mythco Flame Aromatherapy Humidifier,USB Ultrasonic Diffuser /w Realistic Flame Night Light","KSh 1,131","KSh 2,203",49%,Mythco,60 items left,4.3 out of 5,06h : 30m : 49s,https://www.jumia.co.ke/mythco-flame-aromatherapy-humidifierusb-ultrasonic-diffuser-w-realistic-flame-night-light-303144329.html
"Garnier Garnier Micellar Cleansing Oil in Water All-in-1 for Dry & Sensitive Skin Removes Longwear Makeup, Cleanses, Nourishes, No Rinsing Needed - 400ml",KSh 792,KSh 990,20%,Garnier,87 items left,4.5 out of 5,06h : 30m : 41s,https://www.jumia.co.ke/garnier-garnier-micellar-cleansing-oil-in-water-all-in-1-for-dry-sensitive-skin-removes-longwear-makeup-cleanses-nourishes-no-rinsing-needed-400ml-4901285.html
"Sonar Stainless Steel 1.8Ltr Electric Kettle,1.5m Power Cord,1500W Fast Boil - Silver & Black (1YR WRTY)",KSh 459,KSh 749,39%,Sonar,10 items left,3.9 out of 5,05d : 06h : 30m,https://www.jumia.co.ke/sonar-stainless-steel-1.8ltr-electric-kettle1.5m-power-cord1500w-fast-boil-silver-black-1yr-wrty-286282202.html
24 Colors Glitter Highlighter Set Fine Point Marker Pen Art Stationery Supplies for Doodling Scrapbooking Drawing Writing Ske,KSh 583,"KSh 1,059",45%,Easy and safer payments via the JumiaPay App.,10 items left,4.8 out of 5,06h : 30m : 26s,https://www.jumia.co.ke/generic-24-colors-glitter-highlighter-set-fine-point-marker-pen-art-stationery-supplies-for-doodling-scrapbooking-drawing-writing-ske-319384401.html
Unisex Classy Adjustable Baseball Cap,KSh 399,KSh 699,43%,Easy and safer payments via the JumiaPay App.,38 items left,4.2 out of 5,06h : 30m : 17s,https://www.jumia.co.ke/fashion-unisex-classy-adjustable-baseball-cap-97799468.html
"S9 Ultra2 MAX 2.2"" IPS HD Full Touch Screen Smart Bluetooth Call Smartwatch",KSh 995,"KSh 2,168",54%,Easy and safer payments via the JumiaPay App.,80 items left,5 out of 5,06h : 30m : 10s,https://www.jumia.co.ke/generic-s9-ultra2-max-2.2-ips-hd-full-touch-screen-smart-bluetooth-call-smartwatch-172337877.html
Navy Blue Stripped Sports Ladies Tights,KSh 379,KSh 500,24%,Easy and safer payments via the JumiaPay App.,41 items left,0 out of 5,06h : 30m : 02s,https://www.jumia.co.ke/navy-blue-stripped-sports-ladies-tights-fashion-mpg10284103.html
3Pcs Soft Cotton Checked Big Size Men's Boxers –for Trauser Size 34-45,KSh 477,KSh 800,40%,Easy and safer payments via the JumiaPay App.,98 items left,1 out of 5,06h : 29m : 56s,https://www.jumia.co.ke/fashion-3pcs-soft-cotton-checked-big-size-mens-boxers-for-trauser-size-34-45-125814322.html
"Maybelline Lifter Gloss Plumping and Hydrating Lip Gloss, Shade: 016 Rust, with Hyaluronic Acid for Super Juicy Lips with Incredible Shine, 5.4ml","KSh 1,440","KSh 1,800",20%,Maybelline,16 items left,4.2 out of 5,06h : 29m : 48s,https://www.jumia.co.ke/maybelline-lifter-gloss-plumping-and-hydrating-lip-gloss-shade-016-rust-with-hyaluronic-acid-for-super-juicy-lips-with-incredible-shine-5.4ml-97025786.html
3 In 1 Business mens Laptop Bag Backpack Crossbody Bag,"KSh 1,050","KSh 1,800",42%,Easy and safer payments via the JumiaPay App.,10 items left,3.9 out of 5,06h : 29m : 42s,https://www.jumia.co.ke/3-in-1-business-mens-laptop-bag-backpack-crossbody-bag-fashion-mpg9401401.html
"Itel it2163 1.8"", Kabambe Phone, 1000mAh, Black",KSh 920,"KSh 1,500",39%,Itel,11 items left,4.1 out of 5,05d : 06h : 29m,https://www.jumia.co.ke/itel-it2163-1.8-kabambe-phone-1000mah-black-326602974.html
Catpapa Cotton Kids Girl Sundress All Match Basic Style For 1-5Years,KSh 371,"KSh 1,311",72%,Catpapa,42 items left,4 out of 5,06h : 29m : 27s,https://www.jumia.co.ke/catpapa-cotton-kids-girl-sundress-all-match-basic-style-for-1-5years-267985384.html
2Pcs Men's Beach Shorts Quick Dry Varied Colors- Multicolor,KSh 610,KSh 999,39%,Easy and safer payments via the JumiaPay App.,14 items left,4.6 out of 5,06h : 29m : 20s,https://www.jumia.co.ke/fashion-2pcs-mens-beach-shorts-quick-dry-varied-colors-multicolor-61925968.html
"XIAOMI  Redmi 14C, 6.88"" (4GB RAM+128GB Storage) (Dual Sim) 5160mAh - Starry Blue","KSh 14,599","KSh 23,999",39%,XIAOMI,950 items left,3.6 out of 5,06h : 29m : 13s,https://www.jumia.co.ke/xiaomi-redmi-14c-6.88-4gb-ram128gb-storage-dual-sim-5160mah-starry-blue-275222573.html
"Vitron V641 3.1Ch Bluetooth Speaker System, 12V - Black (1YR WRTY)","KSh 4,220","KSh 6,300",33%,Vitron,2 items left,4 out of 5,05d : 06h : 29m,https://www.jumia.co.ke/vitron-v641-3.1ch-bluetooth-speaker-system-12v-black-1yr-wrty-139151157.html
"Tecno Spark 40, 6.67'' HD+, UP to 8GB RAM + 128GB ROM (Dual Sim) 50MP, 5200mAh - Black +Earpods + LED watch + Power bank","KSh 18,299","KSh 39,999",54%,Tecno,99 items left,3.8 out of 5,06h : 28m : 58s,https://www.jumia.co.ke/tecno-spark-40-6.67-hd-up-to-8gb-ram-128gb-rom-dual-sim-50mp-5200mah-black-earpods-led-watch-power-bank-323751998.html
3PCs Quality Unisex Washable Diapers +9pcs Cotton Inserts,"KSh 1,197","KSh 2,000",40%,Easy and safer payments via the JumiaPay App.,74 items left,3.5 out of 5,06h : 28m : 51s,https://www.jumia.co.ke/fashion-3pcs-quality-unisex-washable-diapers-9pcs-cotton-inserts-29926992.html
Axe Spray - Gold150ml,KSh 500,KSh 550,9%,Axe,16 items left,0 out of 5,06h : 28m : 45s,https://www.jumia.co.ke/axe-spray-gold150ml-326521586.html
"Maybelline Lifter Plump Red Flag 004, Hydrating Lip Plumping Gloss with Chilli Pepper, Leaves Lips Looking Fuller and Glossier","KSh 1,640","KSh 2,050",20%,Maybelline,23 items left,4.3 out of 5,06h : 28m : 36s,https://www.jumia.co.ke/maybelline-lifter-plump-red-flag-004-hydrating-lip-plumping-gloss-with-chilli-pepper-leaves-lips-looking-fuller-and-glossier-250588779.html
3PCS Classy Men's Plain Color Slim Tie Men Business (Formal) Casual Skinny Executive Narrow Ties,KSh 699,"KSh 1,599",56%,Easy and safer payments via the JumiaPay App.,33 items left,4.8 out of 5,06h : 28m : 30s,https://www.jumia.co.ke/fashion-3pcs-classy-mens-plain-color-slim-tie-men-business-formal-casual-skinny-executive-narrow-ties-284830504.html
"Itel P70, 6.67"", 4GB RAM + 128GB, 6,000mAh, Silver","KSh 9,570","KSh 11,000",13%,Itel,37 items left,4.1 out of 5,05d : 06h : 28m,https://www.jumia.co.ke/itel-p70-6.67-4gb-ram-128gb-6000mah-silver-326582558.html
"Itel Awesome 6.6"" Display, 128GB ROM + 4GB RAM, Type C, (Dual SIM), 5000mAh - Blue","KSh 10,899","KSh 19,999",46%,Itel,965 items left,3.7 out of 5,06h : 28m : 16s,https://www.jumia.co.ke/itel-awesome-6.6-display-128gb-rom-4gb-ram-type-c-dual-sim-5000mah-blue-171406038.html
"NIVEA Derma Control Defend Anti-Perspirant Roll-on For Women, 72h – 50ml",KSh 489,KSh 520,6%,NIVEA,7 items left,0 out of 5,06h : 28m : 07s,https://www.jumia.co.ke/nivea-derma-control-defend-anti-perspirant-roll-on-for-women-72h-50ml-327060735.html
"Amtec AM-731 3.1CH Sub Woofer Bluetooth System-FM,USB,SD-20000W - Black (1YR WRTY)","KSh 6,200","KSh 8,764",29%,Amtec,10 items left,4.1 out of 5,05d : 06h : 27m,https://www.jumia.co.ke/amtec-am-731-3.1ch-sub-woofer-bluetooth-system-fmusbsd-20000w-black-1yr-wrty-122727523.html
Maybelline Superstay Matte Ink Liquid Lipstick - 20 Pioneer + FREE Garnier Micellar Water In Oil 100ml,"KSh 2,356","KSh 2,945",20%,Maybelline,25 items left,4.8 out of 5,06h : 27m : 53s,https://www.jumia.co.ke/maybelline-superstay-matte-ink-liquid-lipstick-20-pioneer-free-garnier-micellar-water-in-oil-100ml-280222396.html
AILYONS ELP2406K 2.1CH Subwoofer Home Theatre Multi Media Speaker System (1YR WRTY),"KSh 2,310","KSh 4,620",50%,AILYONS,18 items left,3.6 out of 5,05d : 06h : 27m,https://www.jumia.co.ke/ailyons-elp2406k-2.1ch-subwoofer-home-theatre-multi-media-speaker-system-1yr-wrty-326886744.html
"Samsung Galaxy A06, 6.7"", 4GB RAM + 128GB ROM, 5000mAh, (Dual SIM) - Black","KSh 13,299","KSh 19,999",34%,Samsung,982 items left,4.1 out of 5,06h : 27m : 39s,https://www.jumia.co.ke/samsung-galaxy-a06-6.7-4gb-ram-128gb-rom-5000mah-dual-sim-black-278280171.html
"XIAOMI Redmi Note 15, 6.77"" Snapdragon(Curved Screen) 256GB + 8GB RAM (Dual SIM), 6000mAh, 108MP Camera (2YRs WRTY) - Black","KSh 26,899","KSh 38,888",31%,XIAOMI,98 items left,0 out of 5,06h : 27m : 32s,https://www.jumia.co.ke/xiaomi-redmi-note-15-6.77-snapdragoncurved-screen-256gb-8gb-ram-dual-sim-6000mah-108mp-camera-2yrs-wrty-black-326253659.html
2 Pack Men's Official Trousers,"KSh 2,325 - KSh 2,459","KSh 3,500",34%,Easy and safer payments via the JumiaPay App.,24 items left,3.7 out of 5,06h : 27m : 26s,https://www.jumia.co.ke/2-pack-mens-official-trousers-fashion-mpg644190.html
"Samsung Galaxy A17 5G, 6.7"", 4GB RAM + 128GB, 5000mAh, Black (2YRs WRTY)","KSh 19,350","KSh 24,000",19%,Samsung,43 items left,4.3 out of 5,05d : 06h : 27m,https://www.jumia.co.ke/samsung-galaxy-a17-5g-6.7-4gb-ram-128gb-5000mah-black-2yrs-wrty-326021589.html
"Maybelline Super Stay 30H Lumi-Matte Foundation 340, Lightweight and Buildable Full Coverage Foundation Makeup for Up To 30HR Wear, 30ml","KSh 1,920","KSh 2,400",20%,Maybelline,159 items left,4.4 out of 5,06h : 27m : 12s,https://www.jumia.co.ke/maybelline-super-stay-30h-lumi-matte-foundation-340-lightweight-and-buildable-full-coverage-foundation-makeup-for-up-to-30hr-wear-30ml-313012939.html
"Samsung Galaxy A26 5G, 6.7'' 8GB RAM + 256GB ROM, 50MP Camera, Dual Sim - Black","KSh 29,999","KSh 49,999",40%,Samsung,100 items left,4.9 out of 5,06h : 27m : 04s,https://www.jumia.co.ke/samsung-galaxy-a26-5g-6.7-8gb-ram-256gb-rom-50mp-camera-dual-sim-black-312678075.html
Amtec AM-02 2.1CH Multimedia Speaker BT/USB/SD/FM - Black (1YR WRTY),"KSh 5,510","KSh 6,607",17%,Amtec,17 items left,3.8 out of 5,05d : 06h : 26m,https://www.jumia.co.ke/amtec-am-02-2.1ch-multimedia-speaker-btusbsdfm-black-1yr-wrty-153762332.html
"Ecomax 60L Freezer – Low Power Business Freezer, Perfect for Ice Cream & Meat Storage","KSh 15,499","KSh 25,000",38%,Ecomax,48 items left,0 out of 5,05d : 06h : 26m,https://www.jumia.co.ke/ecomax-60l-freezer-low-power-business-freezer-perfect-for-ice-cream-meat-storage-327544120.html
Cotton Infant Toddler Safety Helmet Head Protector FOR GIRLS,KSh 597,KSh 900,34%,Easy and safer payments via the JumiaPay App.,4 items left,4.5 out of 5,06h : 26m : 44s,https://www.jumia.co.ke/fashion-cotton-infant-toddler-safety-helmet-head-protector-for-girls-167067985.html
Black pregnant friendly ladies tights,KSh 499,"KSh 2,000",75%,Easy and safer payments via the JumiaPay App.,42 items left,0 out of 5,06h : 26m : 38s,https://www.jumia.co.ke/fashion-black-pregnant-friendly-ladies-tights-326691915.html
"Itel A100C 4G, 6.6"", 6GB (2+4GB*) RAM + 64 GB (Dual SIM), 5000mAh, Black (1YR WRTY)","KSh 8,620","KSh 9,500",9%,Itel,20 items left,4 out of 5,06h : 26m : 25s,https://www.jumia.co.ke/itel-a100c-4g-6.6-6gb-24gb-ram-64-gb-dual-sim-5000mah-black-1yr-wrty-325920778.html
Maybelline Falsies Surreal Mascara - Washable,"KSh 1,800","KSh 2,250",20%,Maybelline,15 items left,4 out of 5,06h : 26m : 18s,https://www.jumia.co.ke/maybelline-falsies-surreal-mascara-washable-187879487.html
BOYS Cotton Infant Toddler Safety Helmet Head Protector,KSh 699,KSh 999,30%,Easy and safer payments via the JumiaPay App.,13 items left,4.3 out of 5,06h : 26m : 11s,https://www.jumia.co.ke/fashion-boys-cotton-infant-toddler-safety-helmet-head-protector-167081918.html
"Maybelline Lifter Gloss Plumping and Hydrating Lip Gloss, Shade: 005 Petal, with Hyaluronic Acid for Super Juicy Lips with Incredible Shine, 5.4ml","KSh 1,440","KSh 1,800",20%,Maybelline,208 items left,4.3 out of 5,06h : 26m : 03s,https://www.jumia.co.ke/maybelline-lifter-gloss-plumping-and-hydrating-lip-gloss-shade-005-petal-with-hyaluronic-acid-for-super-juicy-lips-with-incredible-shine-5.4ml-61991040.html
Amtec AM-308 3.1CH X-BASS Multimedia Home Theater System – 12000W PMPO - Black (1YR WRTY),"KSh 4,050","KSh 6,500",38%,Amtec,8 items left,4 out of 5,05d : 06h : 25m,https://www.jumia.co.ke/amtec-am-308-3.1ch-x-bass-multimedia-home-theater-system-12000w-pmpo-black-1yr-wrty-315518763.html
"Infinix Smart 10, 6.67"", 4GB RAM + 64GB (Dual SIM), 5000 mAh, 4G -  Black  (1YR WRTY)","KSh 10,400","KSh 12,000",13%,Infinix,20 items left,4.2 out of 5,06h : 25m : 49s,https://www.jumia.co.ke/infinix-smart-10-6.67-4gb-ram-64gb-dual-sim-5000-mah-4g-black-1yr-wrty-325385282.html
"NIVEA Derma Control Natural Tone Anti-Perspirant Spray For Women, 72h– 150ml",KSh 677,KSh 720,6%,NIVEA,2 items left,5 out of 5,06h : 25m : 42s,https://www.jumia.co.ke/nivea-derma-control-natural-tone-anti-perspirant-spray-for-women-72h-150ml-327061101.html
"Infinix  Note 60 Pro 5G 256GB+16(8+8)GB 6.78"" AMOLED 144Hz Display (50+8)MP Rear Camera 6500mAh Battery 90W Wired 30W Wireless Charging On-Screen Fingerprint Android  (13 MONTHS WARRANTY)  - Orange+Magsafe","KSh 42,599","KSh 59,999",29%,Infinix,996 items left,0 out of 5,06h : 25m : 35s,https://www.jumia.co.ke/infinix-note-60-pro-5g-256gb1688gb-6.78-amoled-144hz-display-508mp-rear-camera-6500mah-battery-90w-wired-30w-wireless-charging-on-screen-fingerprint-android-13-months-warranty-orangemagsafe-327321742.html
"Samsung Galaxy A56 5G, 6.7"", 256GB ROM + 8GB RAM (Dual SIM), 5000mAh,Awesome Graphite","KSh 45,999","KSh 69,999",34%,Samsung,97 items left,4.3 out of 5,06h : 25m : 28s,https://www.jumia.co.ke/galaxy-a56-5g-6.7-256gb-rom-8gb-ram-dual-sim-5000mahawesome-graphite-samsung-mpg9447555.html
"Maybelline Fit Me Matte And Poreless Foundation, for Normal to Oily Skin Full Coverage Blendable upto 12H - 340 CAPPUCCINO - 30ml","KSh 1,432","KSh 1,790",20%,Maybelline,31 items left,4.4 out of 5,06h : 25m : 21s,https://www.jumia.co.ke/maybelline-fit-me-matte-and-poreless-foundation-for-normal-to-oily-skin-full-coverage-blendable-upto-12h-340-cappuccino-30ml-30875312.html
"Itel A90, 6.7"" (4+4)GB RAM +128GB ROM inch IPS LCD display, 5000mAh Battery, (Dual Sim)+Powerbank+Earpods+Smartwatch","KSh 11,399","KSh 19,999",43%,Itel,968 items left,4.5 out of 5,06h : 25m : 14s,https://www.jumia.co.ke/itel-a90-6.7-44gb-ram-128gb-rom-inch-ips-lcd-display-5000mah-battery-dual-simpowerbankearpodssmartwatch-314458427.html
Vaseline Lip Essence - Advanced 10ml,KSh 540,KSh 595,9%,Vaseline,14 items left,0 out of 5,06h : 25m : 07s,https://www.jumia.co.ke/vaseline-lip-essence-advanced-10ml-326521691.html
Amtec AM-017-2.1 Speaker System 3000WATTS PMPO-BLACK (1YR WRTY),"KSh 2,590","KSh 3,236",20%,Amtec,2 items left,3.7 out of 5,05d : 06h : 24m,https://www.jumia.co.ke/amtec-am-017-2.1-speaker-system-3000watts-pmpo-black-1yr-wrty-79395110.html
Amtec AM-01 2.1CH Multimedia Speaker BT/USB/SD/FM - Black (1YR WRTY),"KSh 4,950","KSh 6,067",18%,Amtec,6 items left,4.1 out of 5,05d : 06h : 24m,https://www.jumia.co.ke/amtec-am-01-2.1ch-multimedia-speaker-btusbsdfm-black-1yr-wrty-115582919.html
NIVEA Strawberry Shine Lip Balm For Women - 4.8g (Pack Of 2).,KSh 690,KSh 870,21%,NIVEA,12 items left,4.5 out of 5,06h : 24m : 44s,https://www.jumia.co.ke/nivea-strawberry-shine-lip-balm-for-women-4.8g-pack-of-2.-326706916.html
sm baby Cute Water-Repellent Modern Design Kids School Bags.,"KSh 987 - KSh 1,299","KSh 999 - KSh 1,399",15%,sm baby,4 items left,4.1 out of 5,06h : 24m : 37s,https://www.jumia.co.ke/sm-baby-cute-water-repellent-modern-design-kids-school-bags.-276036556.html
"Maybelline Fit Me Matte And Poreless Foundation for Normal to OIly Skin Fill Coverage Blendable upto 12H - 336 WARM OLIVE, 30ml","KSh 1,432","KSh 1,790",20%,Maybelline,13 items left,4.4 out of 5,06h : 24m : 30s,https://www.jumia.co.ke/maybelline-fit-me-matte-and-poreless-foundation-for-normal-to-oily-skin-fill-coverage-blendable-upto-12h-336-warm-olive-30ml-30875310.html
"V8 Sound Card + Portable Mic Set, Pro Live/Recording","KSh 3,229","KSh 5,360",40%,Easy and safer payments via the JumiaPay App.,37 items left,3.8 out of 5,06h : 24m : 23s,https://www.jumia.co.ke/v8-sound-card-portable-mic-set-pro-liverecording-generic-mpg10264711.html
"XIAOMI  Redmi 14C, 6.88"" (4GB RAM+128GB Storage) (Dual Sim) 5160mAh - Starry Blue swima","KSh 14,999","KSh 25,008",40%,XIAOMI,180 items left,5 out of 5,06h : 24m : 16s,https://www.jumia.co.ke/xiaomi-redmi-14c-6.88-4gb-ram128gb-storage-dual-sim-5160mah-starry-blue-swima-275245142.html
"Tecno Spark 40, 6.67"" HD+, 8GB RAM + 128GB (Dual SIM) 5200mAh - Grey + Free LED Watch+Earpods+Powerbank","KSh 18,299","KSh 39,999",54%,Tecno,99 items left,3.8 out of 5,06h : 24m : 09s,https://www.jumia.co.ke/tecno-spark-40-6.67-hd-8gb-ram-128gb-dual-sim-5200mah-grey-free-led-watchearpodspowerbank-323701040.html
Vaseline Gluta-hya Spf Pa+++50 Serum  Burst Lotion 150ml,"KSh 1,490","KSh 1,595",7%,Vaseline,12 items left,0 out of 5,06h : 24m : 01s,https://www.jumia.co.ke/vaseline-gluta-hya-spf-pa50-serum-burst-lotion-150ml-326521657.html
Artengo Headband Th 100 Black,KSh 990,N/A,N/A,Artengo,14 items left,4 out of 5,06h : 23m : 55s,https://www.jumia.co.ke/artengo-headband-th-100-black-185878258.html
Kipsta Football Sunny 300 Size 4 - Orange,KSh 990,N/A,N/A,Kipsta,87 items left,4.5 out of 5,06h : 23m : 47s,https://www.jumia.co.ke/kipsta-football-sunny-300-size-4-orange-185440858.html
"Maybelline Hydrating Lifter Gloss Peach Ring Shade - With Hyaluronic Acid for Hydrated, Fuller, Lifted Lips, 5.4ml","KSh 1,440","KSh 1,800",20%,Maybelline,280 items left,4.7 out of 5,06h : 23m : 40s,https://www.jumia.co.ke/maybelline-hydrating-lifter-gloss-peach-ring-shade-with-hyaluronic-acid-for-hydrated-fuller-lifted-lips-5.4ml-178066905.html
"Open Ear Wireless Headphones - bluetoth Wireless Earbuds, Comfortable Open Ear Design | Sweatproof Sports Headphones, Secure Fit, Ideal for Running, Gym & Outdoor Activities/Black",KSh 513,KSh 945,46%,Easy and safer payments via the JumiaPay App.,34 items left,5 out of 5,06h : 23m : 33s,https://www.jumia.co.ke/generic-open-ear-wireless-headphones-bluetoth-wireless-earbuds-comfortable-open-ear-design-sweatproof-sports-headphones-secure-fit-ideal-for-running-gym-outdoor-activitiesblack-326464124.html
Cartoon Coral Fleece Animal Baby Bath Towels Soft Newborn Hooded Towel Blanket Toddler Bathrobe Warm Sleeping Swaddle Wrap for Boys Girls,KSh 661,"KSh 1,474",55%,Easy and safer payments via the JumiaPay App.,16 items left,1 out of 5,06h : 23m : 25s,https://www.jumia.co.ke/generic-cartoon-coral-fleece-animal-baby-bath-towels-soft-newborn-hooded-towel-blanket-toddler-bathrobe-warm-sleeping-swaddle-wrap-for-boys-girls-326495251.html
Ladies Navy Blue Cotton Tights,KSh 349,KSh 700,50%,Easy and safer payments via the JumiaPay App.,43 items left,3.7 out of 5,06h : 23m : 18s,https://www.jumia.co.ke/fashion-ladies-navy-blue-cotton-tights-315367325.html
"Samsung Galaxy A16, 6.7"", 128GB + 4GB RAM (Dual SIM), 5000mAh, Black","KSh 23,000","KSh 28,000",18%,Samsung,4 items left,0 out of 5,06h : 23m : 10s,https://www.jumia.co.ke/samsung-galaxy-a16-6.7-128gb-4gb-ram-dual-sim-5000mah-black-325579453.html
Vaseline Intensive Care Lotion - Nourishing Argan Oil 400ml,KSh 790,KSh 870,9%,Vaseline,12 items left,4.5 out of 5,06h : 23m : 04s,https://www.jumia.co.ke/vaseline-intensive-care-lotion-nourishing-argan-oil-400ml-326521679.html
"Samsung Galaxy A07 4G, 6.7"", 64GB + 4GB RAM (Dual SIM), 5000mAh, Black (2YRs WRTY)","KSh 12,910","KSh 13,000",1%,Samsung,38 items left,4.6 out of 5,05d : 06h : 22m,https://www.jumia.co.ke/samsung-galaxy-a07-4g-6.7-64gb-4gb-ram-dual-sim-5000mah-black-2yrs-wrty-325675454.html
Comfortable Slim Fit Jeans For Men - 2 Pack,"KSh 2,259 - KSh 2,499","KSh 3,999",44%,Easy and safer payments via the JumiaPay App.,24 items left,2 out of 5,06h : 22m : 50s,https://www.jumia.co.ke/fashion-comfortable-slim-fit-jeans-for-men-2-pack-325717756.html
"Infinix  Hot 60i 4G""6.7-inch, 6GBRAM+128GB ROM' Battery: 5000mAh-Black+ LEDwatch+Cardreader+Powerbank+Cable&Earpods","KSh 14,899","KSh 39,999",63%,Infinix,842 items left,4 out of 5,06h : 22m : 42s,https://www.jumia.co.ke/infinix-hot-60i-4g6.7-inch-6gbram128gb-rom-battery-5000mah-black-ledwatchcardreaderpowerbankcableearpods-319460672.html
Smart Wearable Breast Pump Electric Painless Double-sided Fully Automatic Integrated Hands-free Breast Collector Breastfeeding,"KSh 2,519","KSh 5,907",57%,Easy and safer payments via the JumiaPay App.,18 items left,4.3 out of 5,06h : 22m : 35s,https://www.jumia.co.ke/generic-smart-wearable-breast-pump-electric-painless-double-sided-fully-automatic-integrated-hands-free-breast-collector-breastfeeding-304202776.html
"FLAMEDEAL Series 10 Ultra3 7-in-1 Strap 2.2"" Bluetooth Call Full Touchscreen Smartwatch- For Android and iOS",KSh 669,"KSh 3,028",78%,FLAMEDEAL,19 items left,0 out of 5,06h : 22m : 28s,https://www.jumia.co.ke/flamedeal-series-10-ultra3-7-in-1-strap-2.2-bluetooth-call-full-touchscreen-smartwatch-for-android-and-ios-323023190.html
Amtec AM-314 3.1CH X-BASS Multimedia Home Theater System 12000W PMPO,"KSh 4,050","KSh 6,000",33%,Amtec,5 items left,3.9 out of 5,05d : 06h : 22m,https://www.jumia.co.ke/amtec-am-314-3.1ch-x-bass-multimedia-home-theater-system-12000w-pmpo-317931641.html
"Samsung Galaxy A05, 6.6''  4GB RAM + 64GB ROM (Dual Sim) 50MP Camera, 5000mAh - Green","KSh 11,599","KSh 19,999",42%,Samsung,975 items left,5 out of 5,06h : 22m : 13s,https://www.jumia.co.ke/samsung-galaxy-a05-6.6-4gb-ram-64gb-rom-dual-sim-50mp-camera-5000mah-green-175651011.html
"Maybelline Superstay Vinyl Ink Longwear LIquid Lipstick, Smudge-free, Long Lasting up to 16hr, Highly Pigmented Color, Shine Finish - 170 Unafraid (Pink Mash Up Collection)","KSh 2,236","KSh 2,795",20%,Maybelline,27 items left,3.3 out of 5,06h : 22m : 06s,https://www.jumia.co.ke/maybelline-superstay-vinyl-ink-longwear-liquid-lipstick-smudge-free-long-lasting-up-to-16hr-highly-pigmented-color-shine-finish-170-unafraid-pink-mash-up-collection-231106587.html
Mini Remote Control Aircraft Helicopter Rechargeable Toys Induction Hovering Safe Fall-resistant Airplane Children's Gifts,KSh 781,"KSh 1,742",55%,Easy and safer payments via the JumiaPay App.,15 items left,0 out of 5,06h : 21m : 57s,https://www.jumia.co.ke/generic-mini-remote-control-aircraft-helicopter-rechargeable-toys-induction-hovering-safe-fall-resistant-airplane-childrens-gifts-326075638.html
Axe Spray - Wildspice 150ml,KSh 539,KSh 603,11%,Axe,14 items left,0 out of 5,06h : 21m : 50s,https://www.jumia.co.ke/axe-spray-wildspice-150ml-326521587.html
Vaseline Intensive Care Lotion - Even Tone 400ml,KSh 783,KSh 870,10%,Vaseline,14 items left,4 out of 5,06h : 21m : 36s,https://www.jumia.co.ke/vaseline-intensive-care-lotion-even-tone-400ml-326521676.html
Eurochef  EGT55-3G1E-E  Stand Cooker With 3 Gas Burners + 1 Hot plate With Electric Oven 50x55cm,"KSh 18,399","KSh 26,999",32%,Eurochef,17 items left,3.5 out of 5,01w : 01d : 13h,https://www.jumia.co.ke/eurochef-egt55-3g1e-e-stand-cooker-with-3-gas-burners-1-hot-plate-with-electric-oven-50x55cm-299128221.html
"Maybelline Fit Me Matte And Poreless Foundation for Normal to Oily Skin Full Coverage Blendable upto 12H - 344 WARM GOLDEN, 30ml","KSh 1,432","KSh 1,790",20%,Maybelline,20 items left,4.5 out of 5,06h : 21m : 20s,https://www.jumia.co.ke/maybelline-fit-me-matte-and-poreless-foundation-for-normal-to-oily-skin-full-coverage-blendable-upto-12h-344-warm-golden-30ml-30874096.html
UNISEX Cotton Infant Toddler Safety Helmet Head Protector,KSh 599,KSh 999,40%,Easy and safer payments via the JumiaPay App.,12 items left,4.3 out of 5,06h : 21m : 12s,https://www.jumia.co.ke/fashion-unisex-cotton-infant-toddler-safety-helmet-head-protector-167081928.html
Keyrings Packaged Key Holder/ Bottle Opener Gift,KSh 299,KSh 500,40%,Keyrings,8 items left,0 out of 5,06h : 21m : 05s,https://www.jumia.co.ke/packaged-key-holder-bottle-opener-gift-keyrings-mpg10284709.html
0-4-year-old Boy's summer Set Short Sleeved Top+shorts Pants Two-piece Set -Red,KSh 777,"KSh 1,327",41%,Easy and safer payments via the JumiaPay App.,77 items left,0 out of 5,06h : 20m : 58s,https://www.jumia.co.ke/fashion-0-4-year-old-boys-summer-set-short-sleeved-topshorts-pants-two-piece-set-red-325827365.html
"Samsung Galaxy A07, 6.7"", 4GB RAM + 128GB RM (Dual SIM), 5000mAh, Black (2YRs WRTY)","KSh 14,200","KSh 15,000",5%,Samsung,41 items left,4.3 out of 5,05d : 06h : 20m,https://www.jumia.co.ke/galaxy-a07-6.7-4gb-ram-128gb-rm-dual-sim-5000mah-black-2yrs-wrty-samsung-mpg9567273.html
"Poco M6 Pro 4G, 6.67"", 8GB RAM + 256GB ROM, 5000mAh (Dual SIM) - Black (25 Months WRTY)","KSh 17,700","KSh 30,000",41%,Poco,60 items left,4.5 out of 5,05d : 06h : 20m,https://www.jumia.co.ke/poco-m6-pro-4g-6.67-8gb-ram-256gb-rom-5000mah-dual-sim-black-25-months-wrty-327130609.html
"Glamstar GFR-120S - 90L Single Door Fridge, Grey","KSh 13,500","KSh 16,000",16%,Glamstar,147 items left,4.2 out of 5,01w : 01d : 13h,https://www.jumia.co.ke/glamstar-gfr-120s-90l-single-door-fridge-grey-325362636.html
Vitron V635 3.1CH Multimedia Speaker System - Black (1YR WRTY),"KSh 5,169","KSh 6,203",17%,Vitron,8 items left,4 out of 5,05d : 06h : 20m,https://www.jumia.co.ke/vitron-v635-3.1ch-multimedia-speaker-system-black-1yr-wrty-21121968.html
"Amtec 32R1S, 32"" Inch Frameless Android LED Smart TV with Bluetooth (1YR WRTY)","KSh 10,599","KSh 13,451",21%,Amtec,7 items left,3.9 out of 5,05d : 06h : 20m,https://www.jumia.co.ke/amtec-32r1s-32-inch-frameless-android-led-smart-tv-with-bluetooth-1yr-wrty-55149292.html
Amtec AM-315 3.1 Bluetooth Sub-woofer 10000Watts (1YR WRTY),"KSh 4,500","KSh 5,663",21%,Amtec,7 items left,4.1 out of 5,05d : 06h : 20m,https://www.jumia.co.ke/amtec-am-315-3.1-bluetooth-sub-woofer-10000watts-1yr-wrty-55192227.html
"NIVEA MEN Cool Kick Anti-Perspirant Rollon For Men, 48h - 50ml.",KSh 399,KSh 520,23%,NIVEA MEN,21 items left,4.4 out of 5,06h : 20m : 03s,https://www.jumia.co.ke/nivea-men-cool-kick-anti-perspirant-rollon-for-men-48h-50ml.-326706893.html
"DR.DESS Papaya Brightening Face Serum Protects against Acne, Dark Spots, Freckles Reduces Skin Pigmentation and Anti Aging Facial Serum Oil Contro",KSh 299,KSh 699,57%,DR.DESS,17 items left,4.6 out of 5,01w : 01d : 13h,https://www.jumia.co.ke/dr.dess-papaya-brightening-face-serum-protects-against-acne-dark-spots-freckles-reduces-skin-pigmentation-and-anti-aging-facial-serum-oil-contro-327102945.html
"Infinix  Hot 60i 4G""6.7-inch, 6GBRAM+128GB ROM' Battery: 5000mAh - Silver+ LED Watch+powerbank+Earpods+Card Reader - Silver","KSh 14,799","KSh 39,999",63%,Infinix,989 items left,4.4 out of 5,06h : 19m : 49s,https://www.jumia.co.ke/infinix-hot-60i-4g6.7-inch-6gbram128gb-rom-battery-5000mah-silver-led-watchpowerbankearpodscard-reader-silver-319460099.html
"NIVEA Derma Control Defend Anti-Perspirant Spray for Women, 72h – 150ml",KSh 670,KSh 720,7%,NIVEA,16 items left,4 out of 5,06h : 19m : 41s,https://www.jumia.co.ke/nivea-derma-control-defend-anti-perspirant-spray-for-women-72h-150ml-327061097.html
Axe Body Wash – Alaska 400ml,KSh 640,KSh 695,8%,Axe,16 items left,0 out of 5,06h : 19m : 34s,https://www.jumia.co.ke/axe-body-wash-alaska-400ml-326521578.html
"L'Oréal Revitalift Eye Serum, 2.5% Hyaluronic Acid and Caffeine Replumping, Brightening and De-Puffing, for All Skin Tones - 20ml","KSh 2,120","KSh 2,650",20%,L'Oréal,42 items left,4.4 out of 5,06h : 19m : 27s,https://www.jumia.co.ke/loreal-revitalift-eye-serum-2.5-hyaluronic-acid-and-caffeine-replumping-brightening-and-de-puffing-for-all-skin-tones-20ml-194441079.html
"Infinix  Hot 60i 4G"" 6.7-inch, 4GB RAM + 128GB ROM, 50MP Camera, Battery: 5160mAh, 45W Fastcharge - Sleek Black","KSh 13,899","KSh 19,999",31%,Infinix,80 items left,4 out of 5,06h : 19m : 19s,https://www.jumia.co.ke/infinix-hot-60i-4g-6.7-inch-4gb-ram-128gb-rom-50mp-camera-battery-5160mah-45w-fastcharge-sleek-black-325640276.html
"Infinix Smart 10, 6.67"", 4GB RAM + 64GB (Dual SIM), 5000 mAh, 4G, Titanium Silver  (1YR WRTY)","KSh 10,400","KSh 12,000",13%,Infinix,20 items left,4.3 out of 5,06h : 19m : 12s,https://www.jumia.co.ke/infinix-smart-10-6.67-4gb-ram-64gb-dual-sim-5000-mah-4g-titanium-silver-1yr-wrty-325385273.html
AILYONS ELP3601K 3.1CH Subwoofer Home Theatre Multi Media Bluetooth Wooden Speaker System (1YR WRTY),"KSh 3,600","KSh 7,200",50%,AILYONS,71 items left,4.1 out of 5,05d : 06h : 19m,https://www.jumia.co.ke/ailyons-elp3601k-3.1ch-subwoofer-home-theatre-multi-media-bluetooth-wooden-speaker-system-1yr-wrty-326886641.html
Decathlon Kids' Bike Helmet 100 - Black,"KSh 2,450",N/A,N/A,Decathlon,2 items left,0 out of 5,06h : 18m : 57s,https://www.jumia.co.ke/decathlon-kids-bike-helmet-100-black-187879131.html
"Oking OK310, 1.7"" Wireless FM, Bright Torch, 1000mAh, Tri SIM, 2G - Black (1YR WRTY): Remove Sticker On The Battery Terminal Before Use",KSh 755,"KSh 1,200",37%,Oking,13 items left,3.8 out of 5,05d : 06h : 18m,https://www.jumia.co.ke/oking-ok310-1.7-wireless-fm-bright-torch-1000mah-tri-sim-2g-black-1yr-wrty-remove-sticker-on-the-battery-terminal-before-use-306394856.html
"VILLAON V5606, 1.77"", 1000mAh, Feature Phone (Dual SIM) - Black",KSh 855,"KSh 1,000",15%,VILLAON,4 items left,4.2 out of 5,05d : 06h : 18m,https://www.jumia.co.ke/villaon-v5606-1.77-1000mah-feature-phone-dual-sim-black-326370531.html
Kipsta First Kick Size 4 Red,KSh 941,"KSh 1,350",30%,Kipsta,142 items left,4.6 out of 5,06h : 18m : 14s,https://www.jumia.co.ke/kipsta-first-kick-size-4-red-183757130.html
3 pcs quality stretchy cotton girls short bikers - 5 -10yrs,KSh 449,KSh 500,10%,Easy and safer payments via the JumiaPay App.,936 items left,3.4 out of 5,06h : 18m : 07s,https://www.jumia.co.ke/fashion-3-pcs-quality-stretchy-cotton-girls-short-bikers-5-10yrs-303572892.html
"Maybelline Superstay Vinyl Ink Longwear LIquid Lipstick, Smudge-free, Long Lasting up to 16hr, Highly Pigmented Color, Shine Finish - 150 Striking (Pink Mash Up Collection)","KSh 2,236","KSh 2,795",20%,Maybelline,7 items left,3.7 out of 5,06h : 17m : 59s,https://www.jumia.co.ke/maybelline-superstay-vinyl-ink-longwear-liquid-lipstick-smudge-free-long-lasting-up-to-16hr-highly-pigmented-color-shine-finish-150-striking-pink-mash-up-collection-231040743.html
"Samsung Samsung Galaxy A17, 6.7'' HD+ Display, 8GB RAM + 256GB Storage (Dual Sim), 50MP Camera, 5000mAh Battery  - Blue","KSh 24,799","KSh 40,000",38%,Samsung,993 items left,4.3 out of 5,06h : 17m : 52s,https://www.jumia.co.ke/samsung-samsung-galaxy-a17-6.7-hd-display-8gb-ram-256gb-storage-dual-sim-50mp-camera-5000mah-battery-blue-190119242.html
"Infinix Smart 20, 6.78"", 128GB +4GB RAM, 5200mAh (Dual SIM) - Polaris Titanium (1YR WRTY)","KSh 13,199","KSh 15,000",12%,Infinix,20 items left,0 out of 5,06h : 17m : 44s,https://www.jumia.co.ke/infinix-smart-20-6.78-128gb-4gb-ram-5200mah-dual-sim-polaris-titanium-1yr-wrty-327408305.html
NIVEA MEN Active Lip Balm For Men - 4.8g (Pack Of 2).,KSh 599,KSh 790,24%,NIVEA,13 items left,4.5 out of 5,06h : 17m : 35s,https://www.jumia.co.ke/nivea-men-active-lip-balm-for-men-4.8g-pack-of-2.-326706917.html
"Oppo A6X 6.75'' Display, 128GB ROM + 4GB RAM, 6500mAh 50MP Camera (Dual SIM) - Plum Purple (2 Years Warranty) + Led Watch, Earpods & Power bank","KSh 17,699","KSh 19,999",12%,Oppo,990 items left,5 out of 5,06h : 17m : 28s,https://www.jumia.co.ke/oppo-a6x-6.75-display-128gb-rom-4gb-ram-6500mah-50mp-camera-dual-sim-plum-purple-2-years-warranty-led-watch-earpods-power-bank-326644678.html
"DR.DESS Turmeric Face Cream, Anti Oxidation Turmeric Cream For Deep Moisturizing skin Prevents Acnes, Oil Control and Soothing, skin Repair",KSh 499,KSh 750,33%,DR.DESS,24 items left,4.2 out of 5,01w : 01d : 13h,https://www.jumia.co.ke/dr.dess-turmeric-face-cream-anti-oxidation-turmeric-cream-for-deep-moisturizing-skin-prevents-acnes-oil-control-and-soothing-skin-repair-327098908.html
2200W Hair Dryer Blow dry hair dryer Blowdryer Professional Ionic Fast Drying Low Noise Salon Styling at Home,KSh 864,"KSh 1,600",46%,Easy and safer payments via the JumiaPay App.,81 items left,5 out of 5,06h : 17m : 14s,https://www.jumia.co.ke/generic-2200w-hair-dryer-blow-dry-hair-dryer-blowdryer-professional-ionic-fast-drying-low-noise-salon-styling-at-home-326523696.html
"Amtec 43L12, 43"" FHD Smart Android Frameless TV, Netfix, Youtube, Bluetooth - Black (1YR WRTY)","KSh 16,599","KSh 23,474",29%,Amtec,10 items left,4 out of 5,05d : 06h : 17m,https://www.jumia.co.ke/amtec-43l12-43-fhd-smart-android-frameless-tv-netfix-youtube-bluetooth-black-1yr-wrty-55192249.html
"Catpapa Exclusive Perks for Loyal Customers! 0-3 years old girl's summer short sleeve suit, big strawberry romantic fashion, suitable for party gathering, outing, home comfortable and cool",KSh 810,"KSh 1,755",54%,Catpapa,75 items left,0 out of 5,06h : 17m : 00s,https://www.jumia.co.ke/catpapa-exclusive-perks-for-loyal-customers-0-3-years-old-girls-summer-short-sleeve-suit-big-strawberry-romantic-fashion-suitable-for-party-gathering-outing-home-comfortable-and-cool-325323218.html
NIVEA Rich Nourishing Body Lotion For Women - 400 Ml.,KSh 460,KSh 640,28%,NIVEA,33 items left,4.5 out of 5,06h : 16m : 52s,https://www.jumia.co.ke/nivea-rich-nourishing-body-lotion-for-women-400-ml.-326706904.html
Decathlon Yoga Cork Block,"KSh 2,150",N/A,N/A,Decathlon,28 items left,4 out of 5,06h : 16m : 45s,https://www.jumia.co.ke/decathlon-yoga-cork-block-187879424.html
"Samsung Galaxy A05, 6.7"", 64GB + 4GB RAM (Dual SIM), 5000mAh, Black","KSh 14,000","KSh 16,000",13%,Samsung,20 items left,0 out of 5,06h : 16m : 37s,https://www.jumia.co.ke/samsung-galaxy-a05-6.7-64gb-4gb-ram-dual-sim-5000mah-black-325564503.html
"Tecno POP 10, 6.67'', 64GB +3GB RAM (+3GB Extended) (Dual SIM), 5000MAh - Black (1YR WRTY)","KSh 10,650","KSh 13,000",18%,Tecno,19 items left,3.6 out of 5,06h : 16m : 29s,https://www.jumia.co.ke/tecno-pop-10-6.67-64gb-3gb-ram-3gb-extended-dual-sim-5000mah-black-1yr-wrty-326843445.html
K-Elec Single door 90L Refrigerator Model KR14-SDC-KSC (36Months Warranty) + Free Fridge Guard,"KSh 15,199","KSh 29,999",49%,K-Elec,99 items left,3.2 out of 5,05d : 06h : 16m,https://www.jumia.co.ke/k-elec-single-door-90l-refrigerator-model-kr14-sdc-ksc-36months-warranty-free-fridge-guard-326348970.html
Catpapa Exclusive Perks for Loyal Customers! 1-6Yerars Baby Girls Lace Solid Color Tees,KSh 338,KSh 743,55%,Catpapa,72 items left,4.5 out of 5,06h : 16m : 08s,https://www.jumia.co.ke/catpapa-exclusive-perks-for-loyal-customers-1-6yerars-baby-girls-lace-solid-color-tees-313665075.html
"Samsung Galaxy A26 5G, 6.7'' 8GB RAM + 256GB ROM, 50MP Camera, Dual Sim - Black","KSh 29,999","KSh 39,999",25%,Samsung,978 items left,4.8 out of 5,06h : 16m : 01s,https://www.jumia.co.ke/samsung-galaxy-a26-5g-6.7-8gb-ram-256gb-rom-50mp-camera-dual-sim-black-317655950.html
Passport Holder Cover Wallet RFID Blocking Leather Card Case Travel Accessories for Women Men,KSh 713,"KSh 1,754",59%,Easy and safer payments via the JumiaPay App.,11 items left,5 out of 5,06h : 15m : 53s,https://www.jumia.co.ke/fashion-passport-holder-cover-wallet-rfid-blocking-leather-card-case-travel-accessories-for-women-men-326737020.html
Euroken EURO55-4G+G Full gas  50X55 Free Standing Cooker With Auto-ignition and Gas Oven,"KSh 13,699","KSh 16,499",17%,Euroken,1 item left,1 out of 5,01w : 01d : 13h,https://www.jumia.co.ke/euroken-euro55-4gg-full-gas-50x55-free-standing-cooker-with-auto-ignition-and-gas-oven-326900081.html
"DR.DESS Vitamin C Moisturizing Face Cream With Ingredients like, Vitamin C and glycerin, hydrates, rejuvenates and brighten the skin ,offering a smooth and glowing appearance",KSh 419,KSh 899,53%,DR.DESS,42 items left,4.9 out of 5,01w : 01d : 13h,https://www.jumia.co.ke/dr.dess-vitamin-c-moisturizing-face-cream-with-ingredients-like-vitamin-c-and-glycerin-hydrates-rejuvenates-and-brighten-the-skin-offering-a-smooth-and-glowing-appearance-327099205.html
DR.DESS Kojic Acid Brightening Moist Face Cream Skin Brightening Hydrating Anti-Acne Reduces Dark Spots Smooth Nourishing Daily Moisturizer,KSh 419,KSh 899,53%,DR.DESS,40 items left,3.5 out of 5,01w : 01d : 13h,https://www.jumia.co.ke/dr.dess-kojic-acid-brightening-moist-face-cream-skin-brightening-hydrating-anti-acne-reduces-dark-spots-smooth-nourishing-daily-moisturizer-327099344.html
"Vision Plus VP8832SW 32"" Frameless HD Smart TV – Netflix/YouTube/500+ Apps, Inbuilt Decoder DVB-T2/S2, Bluetooth, Dolby Audio + Free Wall Mount (2YRS WRTY)","KSh 11,199","KSh 15,000",25%,Vision Plus,10 items left,3.9 out of 5,05d : 06h : 15m,https://www.jumia.co.ke/vision-plus-vp8832sw-32-frameless-hd-smart-tv-netflixyoutube500-apps-inbuilt-decoder-dvb-t2s2-bluetooth-dolby-audio-free-wall-mount-2yrs-wrty-325855486.html
DR.DESS Collagen Face Lotion 100ml reduce the appearance of fine lines restores elasticity rejuvenates the skin,KSh 559,KSh 999,44%,DR.DESS,7 items left,0 out of 5,05d : 06h : 15m,https://www.jumia.co.ke/dr.dess-collagen-face-lotion-100ml-reduce-the-appearance-of-fine-lines-restores-elasticity-rejuvenates-the-skin-327323640.html
"Infinix Hot 60i 4G, 6.7"", 6GB RAM + 128GB, 5160mAh (Dual SIM), Sleek Black  (1YR WRTY)","KSh 14,740","KSh 16,000",8%,Infinix,20 items left,4.3 out of 5,06h : 15m : 08s,https://www.jumia.co.ke/infinix-hot-60i-4g-6.7-6gb-ram-128gb-5160mah-dual-sim-sleek-black-1yr-wrty-324932236.html
Vitron HTC3200S 32-Inch QLED Bluetooth Frameless Smart Android TV Inbuilt Decoder +FREE GIFTS,"KSh 12,690","KSh 24,000",47%,Vitron,27 items left,3.9 out of 5,01w : 01d : 13h,https://www.jumia.co.ke/vitron-htc3200s-32-inch-qled-bluetooth-frameless-smart-android-tv-inbuilt-decoder-free-gifts-309219817.html
"Maybelline Perfect Pout Duo: Petal Hydrating Lifter Gloss, Lets Bounce Lifter Liner","KSh 2,200","KSh 2,750",20%,Maybelline,40 items left,0 out of 5,06h : 14m : 53s,https://www.jumia.co.ke/maybelline-perfect-pout-duo-petal-hydrating-lifter-gloss-lets-bounce-lifter-liner-327131025.html
Amtec AM-107 Subwoofer AmtecSystem 2.1CH 8000wts BT/FM (1YR WRTY),"KSh 2,700","KSh 4,000",33%,Amtec,4 items left,3.9 out of 5,05d : 06h : 14m,https://www.jumia.co.ke/amtec-am-107-subwoofer-amtecsystem-2.1ch-8000wts-btfm-1yr-wrty-63240674.html
NIVEA Hydro Care Lip Balm - 4.8g.,KSh 322,KSh 395,18%,NIVEA,24 items left,4.5 out of 5,06h : 14m : 37s,https://www.jumia.co.ke/nivea-hydro-care-lip-balm-4.8g.-326706910.html
"Redmi 15C By Xiaomi, 6.9"", Up to 8GB Extended RAM + 128GB Storage, 6000mAh (Dual Sim) 1 Year warranty - Black+WEBWatch+Earpods+Otg Cable","KSh 14,699","KSh 19,999",27%,Redmi,385 items left,4.2 out of 5,06h : 14m : 29s,https://www.jumia.co.ke/redmi-15c-byxiaomi-6.9-up-to-8gb-extended-ram-128gb-storage-6000mah-dual-sim-1-year-warranty-blackwebwatchearpodsotg-cable-276142764.html
3 Pcs classic cotton kids vest - Boys,KSh 499,KSh 590,15%,Easy and safer payments via the JumiaPay App.,996 items left,4.6 out of 5,06h : 14m : 20s,https://www.jumia.co.ke/fashion-3-pcs-classic-cotton-kids-vest-boys-201420692.html
"Itel TV 43 inches QLED Smart TV, FHD, Frameless, Bluetooth, Android14, Wifi, Digital, Netflix, YouTube, Prime, 43"" television (1 year warranty, New Launch price, wall mount free gift)","KSh 17,075","KSh 40,250",58%,Itel,100 items left,3.8 out of 5,05d : 06h : 14m,https://www.jumia.co.ke/tv-43-inches-qled-smart-tv-fhd-frameless-bluetooth-android14-wifi-digital-netflix-youtube-prime-43-television-1-year-warranty-new-launch-price-wall-mount-free-gift-itel-mpg9962024.html
24 PCS Press-On Nails Removable & Reusable Ideal for Dates & Daily Outings Includes 1 Free Glue Bottle,KSh 301,KSh 405,26%,Easy and safer payments via the JumiaPay App.,92 items left,3.6 out of 5,01w : 01d : 13h,https://www.jumia.co.ke/fashion-24-pcs-press-on-nails-removable-reusable-ideal-for-dates-daily-outings-includes-1-free-glue-bottle-326869858.html
"Infinix Note 50 Pro (256GB ROM+8GB RAM),4G, 108MP, 5000mAh+Smartwatch+Earpods+Powerbank","KSh 30,999","KSh 59,999",48%,Infinix,993 items left,3 out of 5,06h : 13m : 56s,https://www.jumia.co.ke/infinix-note-50-pro-256gb-rom8gb-ram4g-108mp-5000mahsmartwatchearpodspowerbank-317497225.html
"DR.DESS AHA Moisturizing Face Cream reduce fine lines, wrinkles, and acne while providing hydration and increasing collagen production Improves Product Absorption",KSh 419,KSh 899,53%,DR.DESS,1 item left,3.3 out of 5,01w : 01d : 13h,https://www.jumia.co.ke/dr.dess-aha-moisturizing-face-cream-reduce-fine-lines-wrinkles-and-acne-while-providing-hydration-and-increasing-collagen-production-improves-product-absorption-327099449.html
Cube CBT32S 32 Inch Smart TV - Black (2YRs WRTY),"KSh 10,110","KSh 13,999",28%,Cube,43 items left,3.9 out of 5,05d : 06h : 13m,https://www.jumia.co.ke/cube-cbt32s-32-inch-smart-tv-black-2yrs-wrty-325855106.html
"Catpapa Exclusive Perks for Loyal Customers! 0-3 years old boys summer short sleeve suit, blue keep going fashion, suitable for party gatherings, outings, home comfortable and cool",KSh 810,"KSh 1,755",54%,Catpapa,79 items left,0 out of 5,06h : 13m : 33s,https://www.jumia.co.ke/catpapa-exclusive-perks-for-loyal-customers-0-3-years-old-boys-summer-short-sleeve-suit-blue-keep-going-fashion-suitable-for-party-gatherings-outings-home-comfortable-and-cool-325323321.html
"Catpapa Exclusive Perks for Loyal Customers! 0-3 years old girl's summer short sleeve suit, sunflower oil painting fashion, suitable for party gatherings, outings, comfortable and cool at home",KSh 810,"KSh 1,755",54%,Catpapa,77 items left,0 out of 5,06h : 13m : 25s,https://www.jumia.co.ke/catpapa-exclusive-perks-for-loyal-customers-0-3-years-old-girls-summer-short-sleeve-suit-sunflower-oil-painting-fashion-suitable-for-party-gatherings-outings-comfortable-and-cool-at-home-325323275.html
"DR.DESS 2Pcs Turmeric Face Cream and Face Serum Deep Moisturizing skin Prevents Acnes, Oil Control and Soothing, skin Repair",KSh 699,"KSh 1,000",30%,DR.DESS,6 items left,0 out of 5,05d : 06h : 13m,https://www.jumia.co.ke/dr.dess-2pcs-turmeric-face-cream-and-face-serum-deep-moisturizing-skin-prevents-acnes-oil-control-and-soothing-skin-repair-327513369.html
"Samsung Galaxy A07 4G, 6.7"", 128GB + 4GB RAM (Dual SIM), 5000mAh, Black","KSh 18,300","KSh 24,000",24%,Samsung,6 items left,0 out of 5,06h : 13m : 09s,https://www.jumia.co.ke/samsung-galaxy-a07-4g-6.7-128gb-4gb-ram-dual-sim-5000mah-black-327032867.html
"NIVEA MEN Derma Control Defend Anti-Perspirant Roll-on For Men, 72h – 50ml (Pack of 2)",KSh 979,"KSh 1,040",6%,NIVEA MEN,16 items left,5 out of 5,06h : 13m : 02s,https://www.jumia.co.ke/nivea-men-derma-control-defend-anti-perspirant-roll-on-for-men-72h-50ml-pack-of-2-327060738.html
24 PCS Press-On Nails Removable & Reusable Ideal for Dates & Daily Outings Includes 1 Free Glue Bottle,KSh 301,KSh 405,26%,Easy and safer payments via the JumiaPay App.,40 items left,4.3 out of 5,01w : 01d : 13h,https://www.jumia.co.ke/fashion-24-pcs-press-on-nails-removable-reusable-ideal-for-dates-daily-outings-includes-1-free-glue-bottle-326846565.html
"Samsung Galaxy A06, 6.7"", 64GB + 4GB RAM (Dual SIM), 5000mAh, Black","KSh 15,000","KSh 20,000",25%,Samsung,4 items left,0 out of 5,06h : 12m : 47s,https://www.jumia.co.ke/samsung-galaxy-a06-6.7-64gb-4gb-ram-dual-sim-5000mah-black-325579051.html
Catpapa Exclusive Perks for Loyal Customers! Chic Summer Dress for Girls 4-7Years: Sleeveless A-Line Shift Dress with Straps,KSh 608,"KSh 1,755",65%,Catpapa,81 items left,0 out of 5,06h : 12m : 39s,https://www.jumia.co.ke/catpapa-exclusive-perks-for-loyal-customers-chic-summer-dress-for-girls-4-7years-sleeveless-a-line-shift-dress-with-straps-316022963.html
"Catpapa Exclusive Perks for Loyal Customers! 0-3 years Heart pattern short-sleeved girl's suit, comfortable, suitable for summer outdoor activities, home play",KSh 810,"KSh 1,755",54%,Catpapa,77 items left,0 out of 5,06h : 12m : 31s,https://www.jumia.co.ke/catpapa-exclusive-perks-for-loyal-customers-0-3-years-heart-pattern-short-sleeved-girls-suit-comfortable-suitable-for-summer-outdoor-activities-home-play-325323215.html
"NIVEA Derma Control Natural Tone Anti-Perspirant Spray For Women, 72h– 150ml (Pack of 2)","KSh 1,350","KSh 1,440",6%,NIVEA,53 items left,0 out of 5,06h : 12m : 24s,https://www.jumia.co.ke/nivea-derma-control-natural-tone-anti-perspirant-spray-for-women-72h-150ml-pack-of-2-327061102.html
"K-Elec 43"" FHD Google Smart LED TV | Dolby Atmos Soundbar | Netflix & YouTube | WiFi | 36-Month Warranty | FREE TV Guard + FREE Wall Mount","KSh 24,999","KSh 35,999",31%,K-Elec,100 items left,4 out of 5,05d : 06h : 12m,https://www.jumia.co.ke/k-elec-43-fhd-google-smart-led-tv-dolby-atmos-soundbar-netflix-youtube-wifi-36-month-warranty-free-tv-guard-free-wall-mount-326348969.html
Vision Plus VP2111SB Immersive Sound 2.1 CH Sound Bar 240W - Black (2 YRs WRTY),"KSh 8,499","KSh 10,000",15%,Vision Plus,10 items left,4.5 out of 5,05d : 06h : 12m,https://www.jumia.co.ke/vision-plus-vp2111sb-immersive-sound-2.1-ch-sound-bar-240w-black-2-yrs-wrty-317496602.html
"XIAOMI Redmi Note 15, 6.8"", 6GB RAM + 128GB, 6000mAh, Black (25 Months Warranty)","KSh 24,590","KSh 35,000",30%,XIAOMI,7 items left,0 out of 5,05d : 06h : 12m,https://www.jumia.co.ke/xiaomi-redmi-note-15-6.8-6gb-ram-128gb-6000mah-black-25-months-warranty-327051273.html
24 PCS Press-On Nails Removable & Reusable Ideal for Dates & Daily Outings Includes 1 Free Glue Bottle,KSh 301,KSh 405,26%,Easy and safer payments via the JumiaPay App.,89 items left,4 out of 5,01w : 01d : 13h,https://www.jumia.co.ke/fashion-24-pcs-press-on-nails-removable-reusable-ideal-for-dates-daily-outings-includes-1-free-glue-bottle-326869578.html
"Samsung Galaxy A07 4G, 6.7"", 64GB + 4GB RAM (Dual SIM), 5000mAh, Black","KSh 16,500","KSh 24,000",31%,Samsung,2 items left,0 out of 5,06h : 11m : 46s,https://www.jumia.co.ke/samsung-galaxy-a07-4g-6.7-64gb-4gb-ram-dual-sim-5000mah-black-327032866.html
TARMAK Kids' Size 1 Mini Basketball K100 Rubber - Blue/ Orange,KSh 941,"KSh 1,250",25%,TARMAK,45 items left,3 out of 5,06h : 11m : 38s,https://www.jumia.co.ke/tarmak-kids-size-1-mini-basketball-k100-rubber-blue-orange-185453784.html
"Vitron V54SB, 2.1 Ch Multimedia Speaker System AC/DC - Black (1YR WRTY)","KSh 6,999",N/A,N/A,Vitron,10 items left,5 out of 5,05d : 06h : 11m,https://www.jumia.co.ke/vitron-v54sb-2.1-ch-multimedia-speaker-system-acdc-black-1yr-wrty-326149362.html
"XIAOMI Redmi 15 4G, 6GB RAM + 128GB, 7000mAh, Black (2YRs WRTY)","KSh 17,300","KSh 19,000",9%,XIAOMI,20 items left,4.3 out of 5,06h : 11m : 22s,https://www.jumia.co.ke/xiaomi-redmi-15-4g-6gb-ram-128gb-7000mah-black-2yrs-wrty-325627719.html
"Tecno Camon 50 Pro 6.78' Curved Screen, Up to 16GB RAM + 256GB Storage, 5200mAh Battery- Silver (2 Year Warranty)","KSh 37,799","KSh 65,999",43%,Tecno,998 items left,0 out of 5,06h : 11m : 08s,https://www.jumia.co.ke/tecno-camon-50-pro-6.78-curved-screen-up-to-16gb-ram-256gb-storage-5200mah-battery-silver-2-year-warranty-326926908.html
"K-Elec 43"" Inch 4K UHD Smart Google LED TV | Frameless | External Soundbar | Inbuilt Decoder | Netflix YouTube | HDR | WiFi | 36-Month Warranty","KSh 27,299","KSh 53,999",49%,K-Elec,33 items left,0 out of 5,05d : 06h : 11m,https://www.jumia.co.ke/k-elec-43-inch-4k-uhd-smart-google-led-tv-frameless-external-soundbar-inbuilt-decoder-netflix-youtube-hdr-wifi-36-month-warranty-326603116.html
Vision Plus 200L Chest Freezers - Silver Finish (2YRs WRTY),"KSh 34,100","KSh 45,094",24%,Vision Plus,10 items left,4.3 out of 5,05d : 06h : 10m,https://www.jumia.co.ke/vision-plus-200l-chest-freezers-silver-finish-2yrs-wrty-282691439.html
Amtec AM-04 2.1ch Sound Bar With a Powerful Subwoofer 100W - Black (1YR WRTY),"KSh 8,810","KSh 11,000",20%,Amtec,9 items left,4 out of 5,05d : 06h : 10m,https://www.jumia.co.ke/amtec-am-04-2.1ch-sound-bar-with-a-powerful-subwoofer-100w-black-1yr-wrty-314389928.html
"XIAOMI Redmi A7, 5.45"", 64GB + 3GB RAM (Dual Sim), 4000mAh - Black + Free Earphones","KSh 11,300","KSh 15,000",25%,XIAOMI,20 items left,0 out of 5,06h : 10m : 35s,https://www.jumia.co.ke/xiaomi-redmi-a7-5.45-64gb-3gb-ram-dual-sim-4000mah-black-free-earphones-327531872.html
Amtec AM-501  Immersive Sound 2.1ch Sound Bar With Subwoofer - 1YR WRTY,"KSh 5,056","KSh 6,000",16%,Amtec,9 items left,4.1 out of 5,05d : 06h : 10m,https://www.jumia.co.ke/amtec-am-501-immersive-sound-2.1ch-sound-bar-with-subwoofer-1yr-wrty-318824491.html
Array,"KSh 2,500","KSh 8,000",69%,Easy and safer payments via the JumiaPay App.,6 items left,4.8 out of 5,01w : 01d : 13h,https://www.jumia.co.ke/array-generic-mpg10285410.html
"XIAOMI 43"" Full HD Frameless A Series 2025 Google  Dolby Audio TV  (1YR WRTY)","KSh 25,995","KSh 44,995",42%,XIAOMI,21 items left,4.6 out of 5,05d : 06h : 10m,https://www.jumia.co.ke/xiaomi-43-full-hd-frameless-a-series-2025-google-dolby-audio-tv-1yr-wrty-326038859.html
24 PCS Press-On Nails Removable & Reusable Ideal for Dates & Daily Outings Includes 1 Free Glue Bottle,KSh 301,KSh 405,26%,Easy and safer payments via the JumiaPay App.,13 items left,0 out of 5,01w : 01d : 13h,https://www.jumia.co.ke/fashion-24-pcs-press-on-nails-removable-reusable-ideal-for-dates-daily-outings-includes-1-free-glue-bottle-326869681.html
Honor Play 10 6.74” 3GB ROM + 64GB RAM 5000 mAh Ocean Cyan - Dual Card Sim  (1YR WRTY),"KSh 10,499","KSh 11,586",9%,Honor,5 items left,0 out of 5,06h : 09m : 53s,https://www.jumia.co.ke/honor-play-10-6.74-3gb-rom-64gb-ram-5000-mah-ocean-cyan-dual-card-sim-1yr-wrty-326840328.html
Summer Fridays Dream Lip Oil - Hydrating Lip Gloss 4.5g,"KSh 1,072","KSh 1,206",11%,Easy and safer payments via the JumiaPay App.,5 items left,5 out of 5,01w : 01d : 13h,https://www.jumia.co.ke/fashion-summer-fridays-dream-lip-oil-hydrating-lip-gloss-4.5g-326858693.html
24 PCS Press-On Nails Removable & Reusable Ideal for Dates & Daily Outings Includes 1 Free Glue Bottle,KSh 301,KSh 405,26%,Easy and safer payments via the JumiaPay App.,6 items left,5 out of 5,01w : 01d : 13h,https://www.jumia.co.ke/fashion-24-pcs-press-on-nails-removable-reusable-ideal-for-dates-daily-outings-includes-1-free-glue-bottle-326869794.html
Cube CBT43S 43 Inch Smart TV - Black (2YRs WRTY),"KSh 17,810","KSh 21,999",19%,Cube,7 items left,4 out of 5,05d : 06h : 09m,https://www.jumia.co.ke/cube-cbt43s-43-inch-smart-tv-black-2yrs-wrty-325855263.html
Vision Plus Beat Box Mini 2,"KSh 9,220","KSh 10,021",8%,Vision Plus,10 items left,4.1 out of 5,05d : 06h : 09m,https://www.jumia.co.ke/beat-box-mini-2-vision-plus-mpg10239720.html
P9 Pro Max Wireless Headphones Bundle + Free Folding Phone Holder,"KSh 2,500","KSh 3,500",29%,Easy and safer payments via the JumiaPay App.,1 item left,0 out of 5,01w : 01d : 13h,https://www.jumia.co.ke/generic-p9-pro-max-wireless-headphones-bundle-free-folding-phone-holder-327348922.html
SIMI Smartphone COOL2 6.6inch  Screen HD+ 3GB+64GB 5000mAh,"KSh 7,795","KSh 11,390",32%,SIMI,5 items left,4 out of 5,01w : 01d : 13h,https://www.jumia.co.ke/simi-smartphone-cool2-6.6inch-screen-hd-3gb64gb-5000mah-325911274.html
K-Elec 181-Litres Top Mount No-Frost Double-Door Refrigerator With Ice Cube Tray Model- KR30-TM-NFC-KBI-Black (36Months Warranty) + Free Fridge Guard,"KSh 37,599","KSh 100,000",62%,K-Elec,10 items left,5 out of 5,05d : 06h : 08m,https://www.jumia.co.ke/k-elec-181-litres-top-mount-no-frost-double-door-refrigerator-with-ice-cube-tray-model-kr30-tm-nfc-kbi-black-36months-warranty-free-fridge-guard-326520389.html
24 PCS Press-On Nails Removable & Reusable Ideal for Dates & Daily Outings Includes 1 Free Glue Bottle,KSh 301,KSh 405,26%,Easy and safer payments via the JumiaPay App.,7 items left,1 out of 5,01w : 01d : 13h,https://www.jumia.co.ke/fashion-24-pcs-press-on-nails-removable-reusable-ideal-for-dates-daily-outings-includes-1-free-glue-bottle-326869798.html
"Vivo Y31d,  6.75"", 6GB RAM + 256GB (Dual SIM), 7200mAh, 44W Fast Charge, Grey","KSh 29,999","KSh 32,999",9%,Vivo,6 items left,0 out of 5,01w : 01d : 13h,https://www.jumia.co.ke/vivo-y31d-6.75-6gb-ram-256gb-dual-sim-7200mah-44w-fast-charge-grey-327050229.html
3Pcs Soft Cotton Multicolor Briefs Men's Boxers –for Trauser Size 30-42,KSh 421,KSh 900,53%,Easy and safer payments via the JumiaPay App.,109 items left,0 out of 5,06h : 08m : 33s,https://www.jumia.co.ke/fashion-3pcs-soft-cotton-multicolor-briefs-mens-boxers-for-trauser-size-30-42-160959316.html
DR.DESS Papaya Oil Double Effect Brightening Oil Clear Dark Knuckles Brighten Dark Armpits Dark Thighs makes Skin Silky Smooth 270ml,KSh 439,KSh 700,37%,DR.DESS,7 items left,0 out of 5,05d : 06h : 08m,https://www.jumia.co.ke/dr.dess-papaya-oil-double-effect-brightening-oil-clear-dark-knuckles-brighten-dark-armpits-dark-thighs-makes-skin-silky-smooth-270ml-327235363.html
"DR.DESS 2PCS Vitamin C Face Cream and Face Serum hydrates, rejuvenates Reduces Skin Pigmentation offering a smooth and glowing appearance",KSh 699,"KSh 1,000",30%,DR.DESS,19 items left,0 out of 5,05d : 06h : 08m,https://www.jumia.co.ke/dr.dess-2pcs-vitamin-c-face-cream-and-face-serum-hydrates-rejuvenates-reduces-skin-pigmentation-offering-a-smooth-and-glowing-appearance-327513592.html
"Ecomax 90L Fridge – Low Power Small Business Refrigerator, Perfect for Drinks & Food Storage + Free Fridge Guard","KSh 15,499","KSh 20,000",23%,Ecomax,39 items left,0 out of 5,05d : 06h : 08m,https://www.jumia.co.ke/ecomax-90l-fridge-low-power-small-business-refrigerator-perfect-for-drinks-food-storage-free-fridge-guard-327544211.html
6Pcs Finest Soft Cotton Checked Big Size Men's Boxers –for Trauser Size 34-45,KSh 799,"KSh 1,000",20%,Easy and safer payments via the JumiaPay App.,98 items left,4.7 out of 5,06h : 08m : 01s,https://www.jumia.co.ke/fashion-6pcs-finest-soft-cotton-checked-big-size-mens-boxers-for-trauser-size-34-45-125814316.html
"DR.DESS 2PCS Kojic Face Cream Face Serum Brightening Protects against Acne, Dark Spots, Freckles Reduces Skin Pigmentation and Anti Aging Facial",KSh 699,"KSh 1,000",30%,DR.DESS,19 items left,0 out of 5,05d : 06h : 07m,https://www.jumia.co.ke/dr.dess-2pcs-kojic-face-cream-face-serum-brightening-protects-against-acne-dark-spots-freckles-reduces-skin-pigmentation-and-anti-aging-facial-327514903.html
Baby Milk Storage Bags- 30 Pieces,KSh 699,"KSh 1,111",37%,Easy and safer payments via the JumiaPay App.,1 item left,5 out of 5,06h : 07m : 45s,https://www.jumia.co.ke/generic-baby-milk-storage-bags-30-pieces-179733848.html
"DR.DESS 2PCS AHA Face Cream and Face Serum educe fine lines, wrinkles, and acne while providing hydration and increasing collagen production Improves Product Absorption",KSh 699,"KSh 1,000",30%,DR.DESS,9 items left,0 out of 5,05d : 06h : 07m,https://www.jumia.co.ke/dr.dess-2pcs-aha-face-cream-and-face-serum-educe-fine-lines-wrinkles-and-acne-while-providing-hydration-and-increasing-collagen-production-improves-product-absorption-327513981.html
DR.DESS  Papaya 10pcs Face Mask sheet Skin Brightening Hydrating Oil Control Moisturizing,KSh 579,KSh 850,32%,DR.DESS,4 items left,0 out of 5,05d : 06h : 07m,https://www.jumia.co.ke/dr.dess-papaya-10pcs-face-mask-sheet-skin-brightening-hydrating-oil-control-moisturizing-327211996.html
Vaseline Intensive Care Lotion - Men Even Tone 400ml,KSh 790,KSh 870,9%,Vaseline,12 items left,0 out of 5,06h : 07m : 21s,https://www.jumia.co.ke/vaseline-intensive-care-lotion-men-even-tone-400ml-326521678.html
"LESIA 3 6.56"" HD 64GB Smartphone + FREE Bluetooth 5.3 Earbuds & T900 Pro Max Smartwatch – 3-in-1 Tech Bundle","KSh 9,100","KSh 12,000",24%,LESIA,5 items left,0 out of 5,01w : 01d : 13h,https://www.jumia.co.ke/lesia-3-6.56-hd-64gb-smartphone-free-bluetooth-5.3-earbuds-t900-pro-max-smartwatch-3-in-1-tech-bundle-327559175.html
3Pcs Soft Cotton Multicolor Briefs Men's Boxers –for Trauser Size 32-44,KSh 449,KSh 800,44%,Easy and safer payments via the JumiaPay App.,92 items left,3.8 out of 5,06h : 07m : 04s,https://www.jumia.co.ke/fashion-3pcs-soft-cotton-multicolor-briefs-mens-boxers-for-trauser-size-32-44-123210259.html
Vaseline Daily Sun Care- Daily Sun Cream Sp5 50+ 50ml,"KSh 2,500","KSh 2,795",11%,Vaseline,12 items left,0 out of 5,06h : 06m : 56s,https://www.jumia.co.ke/vaseline-daily-sun-care-daily-sun-cream-sp5-50-50ml-326521649.html
DR.DESS Vitamin C Face Lotion100ml  Improves Skin Texture Brightens dull  skin evens out skin tone and fades dark spots,KSh 559,KSh 999,44%,DR.DESS,10 items left,0 out of 5,05d : 06h : 06m,https://www.jumia.co.ke/dr.dess-vitamin-c-face-lotion100ml-improves-skin-texture-brightens-dull-skin-evens-out-skin-tone-and-fades-dark-spots-327323819.html
DR.DESS Turmeric 10pc  Brightening Facial Mask Sheet Prevent Ski Dryness Reduce Sensitivity Hydrate Skin while reducing Acne,KSh 579,KSh 850,32%,DR.DESS,5 items left,0 out of 5,05d : 06h : 06m,https://www.jumia.co.ke/dr.dess-turmeric-10pc-brightening-facial-mask-sheet-prevent-ski-dryness-reduce-sensitivity-hydrate-skin-while-reducing-acne-327212299.html
sm baby Cute Water-Proof High Quality Kids School Bags,"KSh 1,099","KSh 1,500",27%,sm baby,9 items left,3.2 out of 5,06h : 06m : 31s,https://www.jumia.co.ke/sm-baby-cute-water-proof-high-quality-kids-school-bags-172416351.html
K-Elec 532 Litres Side-By-Side Total No Frost Fridge Refrigerator With Ice Cube Tray - Black | Model KR86-SS-NFS-KBI | 36 Months Warranty + Free Fridge Guard,"KSh 100,999","KSh 180,000",44%,K-Elec,100 items left,0 out of 5,05d : 06h : 06m,https://www.jumia.co.ke/k-elec-532-litres-side-by-side-total-no-frost-fridge-refrigerator-with-ice-cube-tray-black-model-kr86-ss-nfs-kbi-36-months-warranty-free-fridge-guard-326348968.html
K-Elec KC25-KSW Chest Freezer 200 Litres,"KSh 29,799","KSh 59,999",50%,K-Elec,20 items left,0 out of 5,05d : 06h : 06m,https://www.jumia.co.ke/k-elec-kc25-ksw-chest-freezer-200-litres-326800769.html
DR.DESS Collagen Anti-Aging Face Toner Replenish Skin Collagen Fast Absorption Nourishes and rejuvenate the Skin,KSh 559,KSh 999,44%,DR.DESS,9 items left,0 out of 5,05d : 06h : 06m,https://www.jumia.co.ke/dr.dess-collagen-anti-aging-face-toner-replenish-skin-collagen-fast-absorption-nourishes-and-rejuvenate-the-skin-327323293.html
"HP Refurbished  Stream 11 Pro G5 + FREE Sleeve + Stand + Mouse  11.6"" HD  Intel Celeron  4GB RAM  64GB  Complete Starter Bundle","KSh 14,500","KSh 20,000",28%,HP,5 items left,0 out of 5,01w : 01d : 13h,https://www.jumia.co.ke/hp-refurbished-stream-11-pro-g5-free-sleeve-stand-mouse-11.6-hd-intel-celeron-4gb-ram-64gb-complete-starter-bundle-327484180.html
"XIAOMI Redmi A7 Pro, 6.9"", 128GB + 4GB RAM (Dual Sim), 6000mAh - Black + Free Earphones","KSh 14,300","KSh 16,000",11%,XIAOMI,20 items left,0 out of 5,06h : 05m : 46s,https://www.jumia.co.ke/xiaomi-redmi-a7-pro-6.9-128gb-4gb-ram-dual-sim-6000mah-black-free-earphones-327531871.html
6PCs Finest Cotton Freesize Unisex Plain Invisible Socks+1FREE NAIL TOES BRUSH,KSh 355,KSh 450,21%,Easy and safer payments via the JumiaPay App.,9 items left,4.2 out of 5,06h : 05m : 39s,https://www.jumia.co.ke/6pcs-finest-cotton-freesize-unisex-plain-invisible-socks-fashion-mpg324279.html
Red Waterproof Kids Student School Back Pack School Bags(PP1-Grade 5),"KSh 1,099","KSh 1,600",31%,Easy and safer payments via the JumiaPay App.,7 items left,5 out of 5,06h : 05m : 31s,https://www.jumia.co.ke/fashion-red-waterproof-kids-student-school-back-pack-school-bagspp1-grade-5-115628615.html
"DR.DESS 2pcs Papaya Brightening Face Serum Twin Pack Protects against Acne, Dark Spots, Freckles Reduces Skin Pigmentation and Anti Aging Oil Control",KSh 589,KSh 899,34%,DR.DESS,20 items left,0 out of 5,05d : 06h : 05m,https://www.jumia.co.ke/dr.dess-2pcs-papaya-brightening-face-serum-twin-pack-protects-against-acne-dark-spots-freckles-reduces-skin-pigmentation-and-anti-aging-oil-control-327515482.html
3 In 1 USB Backpack Dual Shoulder Bag Men's Bag Large Capacity Schoolbag,KSh 915,"KSh 1,800",49%,Easy and safer payments via the JumiaPay App.,21 items left,2.4 out of 5,06h : 05m : 16s,https://www.jumia.co.ke/fashion-3-in-1-usb-backpack-dual-shoulder-bag-mens-bag-large-capacity-schoolbag-325934929.html
Student Backpack Backpack Large Capacity Business Computer Backpack Travel Bag,KSh 959,"KSh 1,800",47%,Easy and safer payments via the JumiaPay App.,139 items left,2.9 out of 5,06h : 05m : 08s,https://www.jumia.co.ke/student-backpack-backpack-large-capacity-business-computer-backpack-travel-bag-fashion-mpg10134410.html
Kids Early Learning Education Touch Screen Mini iPad Tablet Computer Gift Toy For Children Learning Toys English Tablet Learning,KSh 520,"KSh 1,330",61%,Easy and safer payments via the JumiaPay App.,51 items left,2.3 out of 5,06h : 04m : 58s,https://www.jumia.co.ke/generic-kids-early-learning-education-touch-screen-mini-ipad-tablet-computer-gift-toy-for-children-learning-toys-english-tablet-learning-315075018.html
3 Pack Plain Men Official Trousers+FREE LEATHER BELT,"KSh 2,491 - KSh 3,699","KSh 2,999 - KSh 3,699",19%,Easy and safer payments via the JumiaPay App.,99 items left,1.6 out of 5,06h : 04m : 50s,https://www.jumia.co.ke/fashion-3-pack-plain-men-official-trousersfree-leather-belt-277743552.html
DR.DESS Papaya Brightening Moist Face Cream Hydrates Brightens Fades Dark Spots Smooth Radiant Even-Toned Skin Daily Glow Moisturizer,KSh 499,KSh 899,44%,DR.DESS,24 items left,3 out of 5,01w : 01d : 13h,https://www.jumia.co.ke/dr.dess-papaya-brightening-moist-face-cream-hydrates-brightens-fades-dark-spots-smooth-radiant-even-toned-skin-daily-glow-moisturizer-327099682.html
